-- phpMyAdmin SQL Dump
-- version 5.2.0
-- https://www.phpmyadmin.net/
--
-- Host: 127.0.0.1
-- Czas generowania: 21 Maj 2024, 21:11
-- Wersja serwera: 10.4.27-MariaDB
-- Wersja PHP: 8.2.0

SET SQL_MODE = "NO_AUTO_VALUE_ON_ZERO";
START TRANSACTION;
SET time_zone = "+00:00";


/*!40101 SET @OLD_CHARACTER_SET_CLIENT=@@CHARACTER_SET_CLIENT */;
/*!40101 SET @OLD_CHARACTER_SET_RESULTS=@@CHARACTER_SET_RESULTS */;
/*!40101 SET @OLD_COLLATION_CONNECTION=@@COLLATION_CONNECTION */;
/*!40101 SET NAMES utf8mb4 */;

--
-- Baza danych: `database`
--

-- --------------------------------------------------------

--
-- Struktura tabeli dla tabeli `article`
--

CREATE TABLE `article` (
  `articleId` int(11) NOT NULL,
  `title` varchar(255) DEFAULT NULL,
  `content` text DEFAULT NULL,
  `partialContent` text NOT NULL DEFAULT 'Brak opisu',
  `imgCount` int(11) NOT NULL,
  `vidCount` int(11) NOT NULL
) ENGINE=InnoDB DEFAULT CHARSET=utf8mb4 COLLATE=utf8mb4_general_ci;

--
-- Zrzut danych tabeli `article`
--

INSERT INTO `article` (`articleId`, `title`, `content`, `partialContent`, `imgCount`, `vidCount`) VALUES
(1, 'MERCEDES-AMG E 63 S', 'Mercedes przedstawia nowe E63 AMG jako jedną z najbardziej zaawansowanych technologicznie propozycji w tym segmencie. Auto znacząco różni się od poprzednika nie tylko pod względem stylistyki, czy wyposażenia, ale przede wszystkim nowej, lżejszej konstrukcji, która w połączeniu z mocnym napędem owocuje oszałamiającymi osiągami.\r\n\r\nPod maską znajdziemy 4-litrowy motor V8 znany już z innych Mercedesów. W standardowym wydaniu E63 AMG generuje on 563 BHP mocy i 750 Nm maksymalnego momentu obrotowego. W przeciwieństwie do poprzedników, zamiast napędu na tył, zastosowano standardowy napęd na cztery koła 4MATIC. Rozwiązanie to zapewnia odpowiednią przyczepność, która owocuje świetnymi czasami sprintów. Osiągnięcie setki trwa zaledwie 3,5 sekundy!\r\n\r\nChętni na więcej mogą zdecydować się na jeszcze ostrzejszą odmianę \"S\", która może pochwalić się mocą 603 BHP i maksymalnym momentem obrotowym na poziomie 850 Nm. W przypadku tego wariantu setka pojawi się na liczniku po 3,4 sekundy, a prędkość maksymalna wyniesie 310 km/h.\r\n\r\n<br><div class=\"conatiner-fluid d-flex justify-content-center\"><img class=\"artimg\" src=\"img/article/articleImages/1/image1-3.png\"/></div><br>\r\n\r\nZa przeniesienie napędu na wszystkie koła odpowiada 9-biegowa przekładnia AMG Speedshift. Co ważne, nowy E63 AMG został wyposażony w rozwiązania pozwalające na dowolny rozdział momentu obrotowego pomiędzy przednią i tylną osią. W skrajnych przypadkach, całość może trafiać wyłącznie na tylne koła. Mowa tu o trybie drift, który znajdziemy m.in. w Focusie RS. W przypadku Mercedesa rozwiązanie to oznacza wykorzystywanie wyłącznie tylnego napędu.\r\n<br>\r\n<br>\r\n<h1 class=\"title\">The new Mercedes-AMG E 63 S 4MATIC+ – Trailer – Mercedes-Benz original</h1>\r\n\r\n\r\n<iframe width=\"560\" height=\"315\" src=\"https://www.youtube.com/embed/mhe41Gk1zFQ?si=GkKuTc3VatTET-u2\" title=\"YouTube video player\" frameborder=\"0\" allow=\"accelerometer; autoplay; clipboard-write; encrypted-media; gyroscope; picture-in-picture; web-share\" referrerpolicy=\"strict-origin-when-cross-origin\" allowfullscreen></iframe>\r\n\r\nWiemy już, że E63 AMG zapewni wiele emocji związanych z jazdą. A co ze stylistyką? Jak widać, Mercedes ponownie nie zawiódł, schludnie łącząc elegancję ze sportem. Dotyczy to zarówno wnętrza jak i nadwozia. Oprócz topowego wyposażenia możemy liczyć na skóry, włókno węglowe i aluminium. Nadwozie natomiast ozdobiono delikatnymi spojlerami.\r\n\r\n<!--Do not touch this section !--><br><div class=\"conatiner-fluid d-flex justify-content-center\"><img class=\"artimg\" src=\"img/article/articleImages/1/image1-2.png\"/></div><br>', 'Podstawowe informacje na temat tego samochodu', 3, 0),
(2, 'Porsche 911: Legenda na kołach', 'Od 1963 roku, kiedy to zadebiutował na targach we Frankfurcie, 911 nieprzerwanie zachwyca i inspiruje miłośników motoryzacji na całym świecie. Przez lata 911 ewoluował, nie tracąc jednak swojego charakteru. Każda kolejna generacja wyznaczała nowe standardy w dziedzinie osiągów, technologii i bezpieczeństwa. Dziś 911 oferuje szeroką gamę modeli, od bazowej Carrrery po ekstremalne odmiany GT3 i Turbo S, które łączą w sobie imponujące osiągi z komfortem i łatwością codziennego użytkowania.\r\n\r\n<br><div class=\"conatiner-fluid d-flex justify-content-center\"><img class=\"artimg\" src=\"img/article/articleImages/2/image2-2.png\"/></div><br>\r\n\r\nSilnik 911 to prawdziwe serce tego samochodu. Umieszczony z tyłu, sześciocylindrowy boxer zapewnia doskonałe rozłożenie masy i błyskawiczne przyspieszenie. W zależności od modelu, moc silnika waha się od 385 do 650 koni mechanicznych, co pozwala na osiągnięcie prędkości maksymalnej przekraczającej 300 km/h. Sylwetka jest rozpoznawalna na pierwszy rzut oka. Opływowe kształty, charakterystyczne reflektory i szerokie nadwozie nadają temu samochodowi niepowtarzalny wygląd, który łączy w sobie elegancję z agresywnym charakterem.\r\n\r\n<br><iframe width=\"560\" height=\"315\" src=\"https://www.youtube.com/embed/pSkhPJjDNd0?si=GehyXd400hsoDzc6\" title=\"YouTube video player\" frameborder=\"0\" allow=\"accelerometer; autoplay; clipboard-write; encrypted-media; gyroscope; picture-in-picture; web-share\" referrerpolicy=\"strict-origin-when-cross-origin\" allowfullscreen></iframe>\r\n\r\nPorsche 911 to samochód dla każdego, kto ceni doskonałe osiągi, precyzję prowadzenia i luksusowe wyposażenie. Dostępny jest w różnych wariantach nadwozia, w tym coupé, cabrio i targa, co pozwala wybrać model idealnie dopasowany do indywidualnych potrzeb.\r\n', 'Dlaczego Porsche 911 to nie tylko samochód sportowy. Ale ikona motoryzacji, symbol luksusu, innowacji i ponadczasowego designu.', 2, 0),
(3, 'W Poszukiwaniu Niezawodności', 'Wytrzymałość to cecha, która dla wielu osób jest kluczowa przy wyborze samochodu. Szukamy aut, które poradzą sobie z trudnymi warunkami drogowymi, ekstremalną pogodą i bezawaryjnie pokonają setki tysięcy kilometrów.\r\n\r\nKtóry model może jednak z dumą nosić miano najwytrzymalszego? Odpowiedź na to pytanie nie jest prosta, ponieważ wytrzymałość to pojęcie względne. Zależy od wielu czynników, takich jak:\r\n<br>\r\n<br>\r\n<ul class=\"justify\">\r\n<li><b>Przeznaczenie samochodu:</b> Samochód terenowy z napędem na cztery koła z pewnością będzie bardziej wytrzymały w terenie niż miejski hatchback.\r\n<li><b>Sposób użytkowania:</b> Auto eksploatowane w trudnych warunkach (np. na budowie) będzie bardziej narażone na awarie niż pojazd używany do codziennej jazdy po mieście.\r\n<li><b>Indywidualne preferencje:</b> Dla jednych wytrzymałość będzie oznaczała odporność na korozję, dla innych – brak awarii silnika.\r\n</ul>\r\n<br>\r\n<br>\r\n\r\n<h1 class=\"title\">Przyjrzyjmy się jednak kilku modelom, które zyskały reputację wyjątkowo wytrzymałych:</h1>\r\n<br>\r\n<br>\r\n\r\n<h1 class=\"title\">1.Toyota Land Cruiser:</h1>\r\n<br>\r\nLegendarny terenowiec, ceniony za niezawodność i dzielność w każdych warunkach.\r\nPotężny silnik, napęd na cztery koła i solidne zawieszenie sprawiają, że Land Cruiser poradzi sobie z każdym wyzwaniem.\r\n\r\n<br><div class=\"conatiner-fluid d-flex justify-content-center\"><img class=\"artimg\" src=\"img/article/articleImages/3/image3-2.png\"/></div><br>\r\n\r\n<h1 class=\"title\">2.Mercedes Klasy G:</h1>\r\n<br>\r\nKultowy model, znany ze swojej wytrzymałości i komfortu.\r\nRama konstrukcyjna, niezależne zawieszenie i trzy blokady dyferencjału zapewniają imponujące możliwości terenowe.\r\n\r\n<br><div class=\"conatiner-fluid d-flex justify-content-center\"><img class=\"artimg\" \r\nsrc=\"img/article/articleImages/3/image3-3.png\"/></div><br>\r\nKlasa G dostępna jest z różnymi silnikami, od mocnych diesli po benzynowe V8. Wszystkie one słyną z niezawodności i imponującej siły uciągu.\r\n<br>\r\n<iframe width=\"560\" height=\"315\" src=\"https://www.youtube.com/embed/Gio3DSTkQH4?si=i2dYi3V6pEasXuvn\" title=\"YouTube video player\" frameborder=\"0\" allow=\"accelerometer; autoplay; clipboard-write; encrypted-media; gyroscope; picture-in-picture; web-share\" referrerpolicy=\"strict-origin-when-cross-origin\" allowfullscreen></iframe>\r\n<br>\r\n<h1 class=\"title\">3.Volvo XC90:</h1>\r\n<br>\r\nSzwedzki SUV, słynący z bezpieczeństwa i komfortu.\r\nSolidna konstrukcja, mocne silniki i zaawansowane systemy bezpieczeństwa sprawiają, że XC90 to idealny samochód dla rodziny.\r\n\r\n<br><div class=\"conatiner-fluid d-flex justify-content-center\"><img class=\"artimg\" src=\"img/article/articleImages/3/image3-4.png\"/></div>\r\n\r\n<iframe width=\"560\" height=\"315\" src=\"https://www.youtube.com/embed/3xVMZPwnAAM?si=hj9MKSAMfojcXFEU\" title=\"YouTube video player\" frameborder=\"0\" allow=\"accelerometer; autoplay; clipboard-write; encrypted-media; gyroscope; picture-in-picture; web-share\" referrerpolicy=\"strict-origin-when-cross-origin\" allowfullscreen></iframe>\r\n<br>\r\n<h1 class=\"title\">4.Jeep Wrangler:</h1>\r\n<br>\r\nAmerykański terenowiec, ceniony za prostotę konstrukcji i niezawodność.\r\nNapęd na cztery koła, reduktor i solidne mosty sprawiają, że Wrangler poradzi sobie z każdym wyzwaniem.\r\n\r\n<br><div class=\"conatiner-fluid d-flex justify-content-center\"><img class=\"artimg\" src=\"img/article/articleImages/3/image3-5.png\"/></div><br>\r\n\r\n<h1 class=\"title\">5.Toyota Hilux:</h1>\r\n<br>\r\nNiezawodny pick-up, idealny do pracy i rekreacji.\r\nMocny silnik, napęd na cztery koła i komfortowe wnętrze sprawiają, że Hilux to wszechstronny samochód na każdą okazję.\r\n\r\n<br><div class=\"conatiner-fluid d-flex justify-content-center\"><img class=\"artimg\" src=\"img/article/articleImages/3/image3-6.png\"/></div><br>\r\nHilux wyposażony jest w napęd na cztery koła z reduktorem oraz solidne zawieszenie. Dzięki temu, model ten poradzi sobie z każdym wyzwaniem terenowym.\r\n<br>\r\n<iframe width=\"560\" height=\"315\" src=\"https://www.youtube.com/embed/Yl1FNX08HFc?si=SJE_Bq4Dd8f8Jge0\" title=\"YouTube video player\" frameborder=\"0\" allow=\"accelerometer; autoplay; clipboard-write; encrypted-media; gyroscope; picture-in-picture; web-share\" referrerpolicy=\"strict-origin-when-cross-origin\" allowfullscreen></iframe>', 'Wytrzymałość to cecha, która dla wielu osób jest kluczowa przy wyborze samochodu. Szukamy aut, które poradzą sobie z trudnymi warunkami drogowymi, ekstremalną pogodą i bezawaryjnie...', 6, 0),
(4, 'Rajdowe Mistrzostwa Świata WRC', 'Rajdowe Mistrzostwa Świata WRC to najbardziej prestiżowy cykl rajdowy na świecie. Od 1973 roku gromadzi najlepszych kierowców i pilotów, którzy rywalizują na najtrudniejszych trasach globu.\r\nWRC to nie tylko wyścigi. To prawdziwe widowisko, które dostarcza ogromnych emocji kibicom na całym świecie. Kierowcy pędzą po wąskich, krętych drogach z prędkością przekraczającą 200 km/h, walcząc o ułamki sekund.\r\n\r\n<br><div class=\"conatiner-fluid d-flex justify-content-center\"><img class=\"artimg\" src=\"img/article/articleImages/4/image4-1.png\"/></div><br>\r\n\r\nRajdy WRC rozgrywane są na różnych nawierzchniach, od asfaltu i szutrowych dróg po śnieg i lód. To wymaga od kierowców wszechstronności i umiejętności dostosowania się do każdych warunków.\r\n<br>\r\n<br>\r\nW WRC startują najmocniejsze i najbardziej zaawansowane technologicznie rajdowe samochody świata. Maszyny te generują ogromną moc i potrafią pokonywać najtrudniejsze przeszkody.\r\n<br>\r\n<iframe width=\"560\" height=\"315\" src=\"https://www.youtube.com/embed/D21WCUtkSDo?si=ve-51CmOAMZfWvx3\" title=\"YouTube video player\" frameborder=\"0\" allow=\"accelerometer; autoplay; clipboard-write; encrypted-media; gyroscope; picture-in-picture; web-share\" referrerpolicy=\"strict-origin-when-cross-origin\" allowfullscreen></iframe>\r\n<br>\r\n Rajdy WRC to nie tylko rywalizacja sportowa. To również fantastyczna atmosfera, która panuje na trasach i w parkach serwisowych. Kibice mogą z bliska obserwować swoich idoli i poczuć prawdziwy zapach rajdowych emocji.\r\n\r\n<br><div class=\"conatiner-fluid d-flex justify-content-center\"><img class=\"artimg\" src=\"img/article/articleImages/4/image4-2.png\"/></div><br>\r\n\r\n Polska ma bogate tradycje w rajdach samochodowych. Nasi kierowcy, tacy jak Kajetan Kajetanowicz czy Robert Kubica, od lat odnoszą sukcesy na arenie międzynarodowej.\r\n\r\n<br><div class=\"conatiner-fluid d-flex justify-content-center\"><img class=\"artimg\" src=\"img/article/articleImages/4/image4-3.png\"/></div><br>\r\n\r\nWRC to nie tylko sport. To pasja, która łączy ludzi na całym świecie.\r\n\r\nJeśli szukasz mocnych wrażeń i chcesz zobaczyć z bliska, jak rywalizują najlepsi rajdowcy świata, koniecznie wybierz się na jeden z rajdów WRC!\r\n\r\n<iframe width=\"560\" height=\"315\" src=\"https://www.youtube.com/embed/U8aTE_NvoBM?si=f9XCXQ7q87zmmwwR\" title=\"YouTube video player\" frameborder=\"0\" allow=\"accelerometer; autoplay; clipboard-write; encrypted-media; gyroscope; picture-in-picture; web-share\" referrerpolicy=\"strict-origin-when-cross-origin\" allowfullscreen></iframe>', 'WRC to najbardziej prestiżowy cykl rajdowy na świecie. Od 1973 roku gromadzi najlepszych kierowców i...', 3, 0),
(5, 'Wodór i biopaliwa: Paliwa przyszłości?', '<h1 class=\"title\">Wodór</h1>\r\nŚwiat stoi w obliczu wyzwań związanych z wyczerpywaniem się tradycyjnych źródeł energii i zmianami klimatu. W odpowiedzi na te wyzwania coraz większe znaczenie zyskują alternatywne paliwa, takie jak wodór i biopaliwa.\r\n\r\nWodór to najlżejszy i najbardziej rozpowszechniony pierwiastek we wszechświecie. Może on być wykorzystywany jako paliwo do różnych zastosowań, takich jak transport, ogrzewanie i produkcja energii elektrycznej.\r\n<br><div class=\"conatiner-fluid d-flex justify-content-center\"><img class=\"artimg\" src=\"img/article/articleImages/5/image5-1.png\"/></div><br>\r\n\r\n<h1 class=\"title\">Zalety wodoru:</h1>\r\n<br>\r\n<ul align=\"justify\">\r\n<li><b>Czystość:</b> Spalanie wodoru nie powoduje emisji szkodliwych substancji do atmosfery. Jedynym produktem ubocznym jest woda.\r\n<li><b>Odnawialność:</b> Wodór może być produkowany z różnych źródeł, w tym z odnawialnych źródeł energii, takich jak energia słoneczna i wiatrowa.\r\n<li><b>Wszechstronność:</b> Wodór może być wykorzystywany do różnych zastosowań, co czyni go atrakcyjnym paliwem dla wielu sektorów gospodarki.\r\n</ul>\r\n<br>\r\n<iframe width=\"560\" height=\"315\" src=\"https://www.youtube.com/embed/BfNBo0M5FWU?si=MFj4Oo2vGUtKzE_6\" title=\"YouTube video player\" frameborder=\"0\" allow=\"accelerometer; autoplay; clipboard-write; encrypted-media; gyroscope; picture-in-picture; web-share\" referrerpolicy=\"strict-origin-when-cross-origin\" allowfullscreen></iframe>\r\n\r\n<br>\r\n<h1 class=\"title\">Wyzwania związane z wodorem:</h1>\r\n<br>\r\n<ul align=\"justify\">\r\n<li><b>Magazynowanie:</b> Wodór jest gazem o bardzo niskiej gęstości, co utrudnia jego magazynowanie i transport.\r\n<li><b>Infrastruktura:</b> Infrastruktura do dystrybucji wodoru jest wciąż w fazie rozwoju.\r\n<li><b>Koszty:</b> Produkcja i wykorzystanie wodoru jest wciąż stosunkowo drogie.\r\n</ul>\r\n<br><div class=\"conatiner-fluid d-flex justify-content-center\"><img class=\"artimg\" src=\"img/article/articleImages/5/image5-2.png\"/></div><br>\r\n\r\n<h1 class=\"title\">Biopaliwa</h1>\r\n\r\nBiopaliwa to paliwa ciekłe lub gazowe, które są produkowane z biomasy, czyli z roślin i materiałów pochodzenia zwierzęcego. Biopaliwa są odnawialnym źródłem energii, co oznacza, że ​​mogą być one produkowane w sposób ciągły bez wyczerpywania zasobów naturalnych. Spalanie biopaliw nie powoduje emisji dwutlenku węgla do atmosfery, co oznacza, że ​​nie przyczyniają się one do globalnego ocieplenia.\r\n\r\n<br><div class=\"conatiner-fluid d-flex justify-content-center\"><img class=\"artimg\" src=\"img/article/articleImages/5/image5-3.png\"/></div><br>\r\n\r\n<h1 class=\"title\">Zalety biopaliw:</h1>\r\n<br>\r\n<ul align=\"justify\">\r\n<li><b>Odnawialność:</b> Biopaliwa są produkowane z odnawialnych źródeł, co czyni je zrównoważonym źródłem energii.\r\n<li><b>Neutralność emisyjna: </b>Spalanie biopaliw nie powoduje emisji dwutlenku węgla do atmosfery.\r\n<li><b>Różnorodność:</b> Biopaliwa mogą być produkowane z różnych surowców, co czyni je dostępnymi w wielu regionach świata.\r\n</ul>\r\n\r\n<br><div class=\"conatiner-fluid d-flex justify-content-center\"><img class=\"artimg\" src=\"img/article/articleImages/5/image5-4.png\"/></div><br>\r\n\r\n<h1 class=\"title\">Wyzwania związane z biopaliwami:</h1>\r\n<br>\r\n<ul align=\"justify\">\r\n<li><b>Wydajność:</b> Produkcja biopaliw wymaga dużej ilości ziemi i wody.\r\n<li><b>Zrównoważony rozwój:</b> Ważne jest, aby biopaliwa były produkowane w sposób zrównoważony, aby nie powodowały negatywnego wpływu na środowisko.\r\n<li><b>Koszty:</b> Produkcja biopaliw może być droższa niż produkcja tradycyjnych paliw kopalnych.\r\n</ul>\r\n<br>\r\nWodór i biopaliwa to dwa obiecujące paliwa przyszłości. Te paliwa mogą pomóc w zmniejszeniu emisji gazów cieplarnianych i zwiększeniu bezpieczeństwa energetycznego. Ważne jest, aby kontynuować badania i rozwój tych paliw, aby w pełni wykorzystać ich potencjał.\r\n<br>\r\n<br>', 'Świat stoi w obliczu wyzwań związanych z wyczerpywaniem się tradycyjnych źródeł energii i zmianami klimatu. W odpowiedzi na te wyzwania, coraz większe znaczenie zyskują alternatywne...', 4, 0),
(6, 'Historia polskiej motoryzacji', '<h1 class=\"title\">Początki</h1>\r\n\r\nPierwsze próby skonstruowania samochodu w Polsce miały miejsce już w XIX wieku. W 1896 roku Jan Szczepanik zbudował prototyp samochodu elektrycznego, a w 1900 roku Władysław Kulczycki skonstruował pierwszy polski samochód spalinowy.\r\n<br>\r\n<br>\r\n<h1 class=\"title\">Dwudziestolecie międzywojenne</h1>\r\n\r\nW dwudziestoleciu międzywojennym Polska motoryzacja zaczęła się rozwijać. Powstały pierwsze fabryki samochodów, takie jak Państwowe Zakłady Inżynieryjne (PZInż) w Warszawie i Fabryka Samochodów Osobowych (FSO) na Żeraniu. W tym okresie produkowano m.in. samochody marki Ursus, Fiat, Ford i Chevrolet.\r\n\r\n<br><div class=\"conatiner-fluid d-flex justify-content-center\"><img class=\"artimg\" src=\"img/article/articleImages/6/image6-1.png\"/></div><br>\r\n\r\n<h1 class=\"title\">II wojna światowa i okres powojenny</h1>\r\n\r\nII wojna światowa zahamowała rozwój polskiej motoryzacji. Fabryki samochodów zostały zniszczone, a produkcja została wstrzymana. Po wojnie odbudowano fabryki i wznowiono produkcję samochodów. W tym okresie produkowano m.in. samochody marki Warszawa, Lublin i Syrena.\r\n\r\n<br><div class=\"conatiner-fluid d-flex justify-content-center\"><img class=\"artimg\" src=\"img/article/articleImages/6/image6-2.png\"/></div><br>\r\n\r\n<h1 class=\"title\">Lata 70. i 80.</h1>\r\n\r\nW latach 70. i 80. Polska motoryzacja stała się częścią bloku wschodniego. Produkcja samochodów była scentralizowana i opierała się na licencjach zachodnich. W tym okresie produkowano m.in. samochody marki Fiat, Polonez i FSO Polonez.\r\n<br>\r\n<br>\r\n<h1 class=\"title\">Lata 90. i współczesność</h1>\r\n\r\nPo upadku komunizmu w 1989 roku polska motoryzacja zaczęła się przekształcać. Prywatyzowano fabryki samochodów i zaczęto ściągać zagranicznych inwestorów. W tym okresie produkowano m.in. samochody marki Fiat, Daewoo, Opel i Volkswagen.\r\n\r\nObecnie polska motoryzacja jest częścią globalnego rynku motoryzacyjnego. W Polsce produkują samochody takie firmy jak Fiat Chrysler Automobiles, Volkswagen Group, Ford Motor Company i Hyundai Motor Group. Polska jest również ważnym producentem części zamiennych do samochodów.\r\n\r\n<br><div class=\"conatiner-fluid d-flex justify-content-center\"><img class=\"artimg\" src=\"img/article/articleImages/6/image6-3.png\"/></div><br>\r\n<h1 class=\"title\">Polska motoryzacja dzisiaj:</h1>\r\n<ul align=\"justify\">\r\n<li>Polska jest 12. producentem samochodów w Europie.\r\n<li>W Polsce produkuje się rocznie około 1 miliona samochodów.\r\n<li>Polska jest również ważnym producentem części zamiennych do samochodów.\r\n</ul>\r\n<br>\r\n<br>', 'Pierwsze próby skonstruowania samochodu w Polsce miały miejsce już w XIX wieku. W 1896 roku Jan Szczepanik zbudował prototyp...', 3, 0),
(7, 'Ken Block: Legenda i ikona motorsportu', 'Ken Block był amerykańskim kierowcą rajdowym, kaskaderem i przedsiębiorcą. Zasłynął z serii filmów Gymkhana, w których prezentował swoje niezwykłe umiejętności jazdy w ekstremalnych warunkach. Zginął tragicznie w wypadku na skuterze śnieżnym 2 stycznia 2023 roku.\r\n<br>\r\n<br>\r\n<h1 class=\"title\">Początki kariery</h1>\r\n\r\nBlock urodził się w 1967 roku w Kalifornii. Swoją przygodę z motorsportem rozpoczął od jazdy na snowboardzie i motocrossie. W 2005 roku zadebiutował w Rajdowych Mistrzostwach Świata (WRC), gdzie startował z różnymi zespołami i samochodami.\r\n\r\n<iframe width=\"560\" height=\"315\" src=\"https://www.youtube.com/embed/VdfoN5dL0vI?si=agqzaX9XWKCwqe7P\" title=\"YouTube video player\" frameborder=\"0\" allow=\"accelerometer; autoplay; clipboard-write; encrypted-media; gyroscope; picture-in-picture; web-share\" referrerpolicy=\"strict-origin-when-cross-origin\" allowfullscreen></iframe>\r\n\r\n<h1 class=\"title\">Gymkhana i Hoonigan</h1>\r\n\r\nW 2006 roku Block zrealizował pierwszy film z serii Gymkhana, który stał się viralem i rozsławił jego nazwisko na całym świecie. W kolejnych latach nakręcił kilkanaście filmów Gymkhana, w których prezentował swoje akrobacje za kierownicą Subaru Imprezy WRX STi, Forda Fiesta RS WRC i innych aut.\r\n\r\n<iframe width=\"560\" height=\"315\" src=\"https://www.youtube.com/embed/wO_Da0HlKqc?si=HyrmJmV9yrj3O2Q6\" title=\"YouTube video player\" frameborder=\"0\" allow=\"accelerometer; autoplay; clipboard-write; encrypted-media; gyroscope; picture-in-picture; web-share\" referrerpolicy=\"strict-origin-when-cross-origin\" allowfullscreen></iframe>\r\n\r\nW 2010 roku Block założył własną firmę Hoonigan, która zajmowała się produkcją odzieży, akcesoriów i filmów motoryzacyjnych. Hoonigan stał się jedną z najbardziej rozpoznawalnych marek w świecie motorsportu.\r\n<br>\r\n<br>\r\n<h1 class=\"title\">Inne osiągnięcia</h1>\r\n\r\nOprócz Gymkhana, Block brał udział w wielu innych imprezach motoryzacyjnych. Wygrał m.in. X Games w RallyCross, Rally America i 24 Hours of Nürburgring.\r\n\r\nBlock był również znany ze swoich działalności charytatywnej. W 2010 roku założył fundację Hoonigan Racing Division, która pomaga młodym kierowcom w rozwoju ich talentów.\r\n\r\n<iframe width=\"560\" height=\"315\" src=\"https://www.youtube.com/embed/-mPB58XI8ng?si=qIAaQ9nPwjIthN10\" title=\"YouTube video player\" frameborder=\"0\" allow=\"accelerometer; autoplay; clipboard-write; encrypted-media; gyroscope; picture-in-picture; web-share\" referrerpolicy=\"strict-origin-when-cross-origin\" allowfullscreen></iframe>\r\n\r\n<h1 class=\"title\">Tragiczna śmierć</h1>\r\n\r\n2 stycznia 2023 roku Block zginął w wypadku na skuterze śnieżnym w Utah. Miał 55 lat.\r\n\r\n<br><div class=\"conatiner-fluid d-flex justify-content-center\"><img class=\"artimg\" src=\"img/article/articleImages/7/image7-2.png\"/></div><br>\r\n\r\n<h1 class=\"title\">Dziedzictwo</h1>\r\n\r\nKen Block był ikoną motorsportu i inspiracją dla wielu kierowców na całym świecie. Pozostawił po sobie ogromny dorobek w postaci filmów, zdjęć i artykułów.\r\n<br><div class=\"conatiner-fluid d-flex justify-content-center\"><img class=\"artimg\" src=\"img/article/articleImages/7/image7-3.png\"/></div><br>', 'Ken Block był amerykańskim kierowcą rajdowym, kaskaderem i przedsiębiorcą. Zasłynął z serii filmów Gymkhana, w których prezentował swoje niezwykłe umiejętności...', 3, 0),
(8, 'Najnowsze Trendy w Świecie Motoryzacji', '<br>\r\n<h1 class=\"title\">Od Elektryczności po Autonomiczne Pojazdy</h1>\r\n\r\nŚwiat motoryzacyjny stale ewoluuje, a najnowsze trendy kształtują przyszłość branży. Od rosnącej popularności samochodów elektrycznych po rozwój autonomicznych pojazdów, oto najgorętsze tematy, które trzymają w napięciu kierowców i producentów samochodów na całym świecie.\r\n<br>\r\n<br>\r\n<h1 class=\"title\">Elektryczność: Ekologiczna Przyszłość</h1>\r\n\r\nSamochody elektryczne stają się coraz bardziej powszechne na drogach. Dzięki postępowi technologicznemu baterie stają się bardziej wydajne, a zasięg pojazdów elektrycznych stale się zwiększa. Producenci samochodów wychodzą naprzeciw oczekiwaniom konsumentów, oferując coraz więcej modeli zasilanych energią elektryczną, co przyspiesza zieloną rewolucję w motoryzacji.\r\n<br><div class=\"conatiner-fluid d-flex justify-content-center\"><img class=\"artimg\" src=\"img/article/articleImages/8/image8-1.png\"/></div>\r\n<h1 class=\"title\">Autonomiczne Pojazdy: Krok w Przyszłość</h1>\r\nKoncepcja samochodów bez kierowców staje się coraz bardziej realna. Autonomiczne technologie, takie jak systemy wspomagające prowadzenie i samodzielne parkowanie, stają się standardem w nowych modelach samochodów. Firmy technologiczne i motoryzacyjne kontynuują badania nad autonomicznymi pojazdami, zmierzając do stworzenia bezpiecznych i efektywnych systemów, które mogą całkowicie zmienić doświadczenie związane z podróżowaniem.\r\n\r\n<iframe width=\"560\" height=\"315\" src=\"https://www.youtube.com/embed/c_XVz7AsYfk?si=frDHs6W0Sj63-E-E\" title=\"YouTube video player\" frameborder=\"0\" allow=\"accelerometer; autoplay; clipboard-write; encrypted-media; gyroscope; picture-in-picture; web-share\" referrerpolicy=\"strict-origin-when-cross-origin\" allowfullscreen></iframe>\r\n\r\n<h1 class=\"title\">Koncentracja na Wytwarzaniu Energii: Nowe Podejścia do Zrównoważonej Motoryzacji</h1>\r\n\r\nWraz z rosnącym zainteresowaniem ekologią, producenci samochodów zwracają większą uwagę na kwestie zrównoważonego wytwarzania energii. Od wykorzystania energii słonecznej do ładowania pojazdów elektrycznych po rozwój biodegradowalnych materiałów do produkcji samochodów, branża motoryzacyjna stawia na innowacyjne rozwiązania, które zmniejszają negatywny wpływ na środowisko.\r\n<br>\r\n<br>\r\n<h1 class=\"title\">Personalizacja i Konnektorywność: Samochód jako Centrum Życia</h1>\r\n\r\nNowoczesne samochody stają się coraz bardziej inteligentne i połączone z naszym życiem cyfrowym. Od systemów rozrywki, przez nawigację, po integrację z urządzeniami mobilnymi, kierowcy oczekują, że ich pojazdy będą pełniły rolę mobilnego centrum sterowania, dostosowując się do ich potrzeb i preferencji.\r\n\r\n<br><div class=\"conatiner-fluid d-flex justify-content-center\"><img class=\"artimg\" src=\"img/article/articleImages/8/image8-3.png\"/></div>\r\n\r\nPodsumowując, przyszłość motoryzacji wydaje się jasna i obiecująca. Od ekologicznych samochodów elektrycznych po autonomiczne pojazdy, branża motoryzacyjna kieruje się w stronę innowacyjnych rozwiązań, które nie tylko poprawią doświadczenie kierowców, ale również będą miały pozytywny wpływ na środowisko naturalne.\r\n<br>\r\n<br>', 'Świat motoryzacyjny stale ewoluuje, a najnowsze trendy kształtują przyszłość branży. Od rosnącej popularności samochodów elektrycznych po rozwój autonomicznych pojazdów...', 3, 0),
(9, 'Porsche: Ikona Niemieckiego Inżynieringu', '<br>\r\nPorsche - nazwa, która od lat symbolizuje doskonałość, elegancję i wyrafinowanie w świecie motoryzacji. Od chwili powstania w 1931 roku przez Ferdinanda Porsche, ta niemiecka marka stała się synonimem luksusu, sportowego stylu życia i doskonałej jakości.\r\n<br>\r\n<br>\r\n<h1 class=\"title\">Historia</h1>\r\n\r\nHistoria Porsche rozpoczęła się od genialnego inżyniera Ferdinanda Porsche, który był odpowiedzialny za stworzenie kultowego Volkswagena Beetle. Jednak prawdziwe sukcesy marki Porsche zaczęły się od chwili wprowadzenia na rynek modelu 356 w 1948 roku - pierwszego samochodu z logo Porsche. Model ten, z silnikiem umieszczonym z tyłu, stał się nie tylko ikoną stylu, ale również podstawą dla późniejszych modeli marki.\r\n\r\n<div class=\"conatiner-fluid d-flex justify-content-center\"><img class=\"artimg\" src=\"img/article/articleImages/9/image9-1.png\"/></div>\r\n\r\nW 1963 roku Porsche wprowadziło na rynek legendarny model 911, który do dziś pozostaje jednym z najbardziej rozpoznawalnych samochodów sportowych na świecie. Z czasem do gamy Porsche dołączyły również inne modele, takie jak 944, 928, 914 czy bardziej współczesne Cayenne, Panamera, Macan i Taycan.\r\n\r\n<div class=\"conatiner-fluid d-flex justify-content-center\"><img class=\"artimg\" src=\"img/article/articleImages/9/image9-2.png\"/></div>\r\n\r\n<h1 class=\"title\">Innowacje i Technologia</h1>\r\n\r\nPorsche zawsze był pionierem w dziedzinie technologii motoryzacyjnej. Od wprowadzenia pierwszego silnika umieszczonego z tyłu w modelu 356, marka ta stale eksperymentuje i inwestuje w nowe rozwiązania. Przykładem może być wprowadzenie do produkcji hybrydowego modelu 918 Spyder oraz całkowicie elektrycznego Taycan, który redefiniuje pojęcie samochodu sportowego.\r\n\r\nPonadto, Porsche od lat odnosi sukcesy w świecie wyścigów samochodowych, zarówno na torze Le Mans, gdzie odniosło liczne zwycięstwa, jak i w serii wyścigowej Porsche Supercup.\r\n\r\n<iframe width=\"560\" height=\"315\" src=\"https://www.youtube.com/embed/mS8UFVTIhfA?si=X5EbpIxzheO-tv5H\" title=\"YouTube video player\" frameborder=\"0\" allow=\"accelerometer; autoplay; clipboard-write; encrypted-media; gyroscope; picture-in-picture; web-share\" referrerpolicy=\"strict-origin-when-cross-origin\" allowfullscreen></iframe>\r\n\r\n<h1 class=\"title\">Luksus i Ekskluzywność</h1>\r\nSamochody marki Porsche kojarzone są nie tylko z doskonałym osiągami, ale również z luksusem i ekskluzywnością. Każdy model jest starannie wykonany z najwyższej jakości materiałów, a wnętrza są zaprojektowane z dbałością o najmniejszy detal, zapewniając kierowcy i pasażerom niezrównany komfort podróżowania.\r\n<br>\r\n<br>\r\n<h1 class=\"title\">Podsumowanie</h1>\r\nPorsche to nie tylko marka samochodów - to symbol prestiżu, elegancji i doskonałości inżynieryjnej. Od ponad siedemdziesięciu lat Porsche wciąż zachwyca swoich fanów innowacyjnymi rozwiązaniami, oszałamiającymi osiągami i niepowtarzalnym stylem. Dla miłośników motoryzacji Porsche to więcej niż samochód - to wyraz osobistego stylu życia i pasji do doskonałego designu i technologii.\r\n<br>\r\n<br>', 'Porsche - nazwa, która od lat symbolizuje doskonałość, elegancję i wyrafinowanie w świecie motoryzacji. Od chwili powstania w 1931 roku przez Ferdinanda Porsche...', 2, 0),
(10, 'BMW Seria 5: Elegancja, Wydajność i Innowacja', '<br>\r\n<h1 class=\"title\">BMW serii 5 (2024) – nadwozie i wymiary</h1>\r\n\r\nNowe BMW serii 5 (G60) mierzy 506,0 cm długości, 190,0 cm szerokości i 151,5 cm wysokości, a rozstaw osi wynosi 299,5 cm. W porównaniu z poprzednią generacją opisywane auto jest o 9,7 cm dłuższe, o 3,2 cm szersze i o 3,6 cm wyższe. Odległość między osiami zwiększyła się natomiast o 2,0 cm. Tym samym pod względem wymiarów zewnętrznych „Piątka” wkroczyła na terytorium do niedawna zarezerwowane wyłącznie dla flagowej „Siódemki”.\r\n\r\n<div class=\"conatiner-fluid d-flex justify-content-center\"><img class=\"artimg\" src=\"img/article/articleImages/10/image10-3.png\"/></div>\r\n<h1 class=\"title\">Wygląd i zmiany</h1>\r\nPrzy projektowaniu prezentowanej serii 5 styliści z Monachium postawili na zachowawczy, nieco konserwatywny design. Zadbali jednak o to, aby nowego samochodu nie dało się pomylić z poprzednikiem ani jakimkolwiek innym modelem z gamy BMW. Przednie reflektory zachowały klasyczny kształt i nie są dzielone jak np. w serii 7. Z boku uwagę zwracają schowane, kasetowe klamki, a z tyłu znajdziemy poziome lampy, zupełnie inne niż wcześniej.\r\n\r\n<div class=\"conatiner-fluid d-flex justify-content-center\"><img class=\"artimg\" src=\"img/article/articleImages/10/image10-2.png\"/></div>\r\n\r\n<h1 class=\"title\">Budowa wnętrza oraz bagażnika</h1>\r\nKokpit BMW serii 5 również przeszedł całkowitą metamorfozę. Jego kluczowy element stanowi zakrzywiony ekran BMW składający się z cyfrowego zestawu wskaźników o przekątnej 12,3 cala oraz centralnego wyświetlacza o przekątnej 14,9 cala. Producent podkreśla, że w nowym modelu jest znacznie mniej fizycznych przycisków i elementów obsługi, jednak pozostawiono lubiane przez użytkowników pokrętło systemu iDrive. Nowa kierownica jest spłaszczona w dolnej części, co kojarzy się z autami sportowymi, a tradycyjną dźwignię zmiany biegów zastąpił niewielki przełącznik. Użytkownik spalinowej serii 5 ma do dyspozycji 520-litrowy bagażnik, natomiast w elektrycznym i5 pojemność kufra wynosi 490 litrów.\r\n<iframe width=\"560\" height=\"315\" src=\"https://www.youtube.com/embed/eynJA_6a9Co?si=85Gro4nJvLEnxdVz\" title=\"YouTube video player\" frameborder=\"0\" allow=\"accelerometer; autoplay; clipboard-write; encrypted-media; gyroscope; picture-in-picture; web-share\" referrerpolicy=\"strict-origin-when-cross-origin\" allowfullscreen></iframe>\r\n<div class=\"conatiner-fluid d-flex justify-content-center\"><img class=\"artimg\" src=\"img/article/articleImages/10/image10-4.png\"/></div>\r\n<br>', 'Nowe BMW serii 5 (G60) mierzy 506,0 cm długości, 190,0 cm szerokości i 151,5 cm wysokości, a rozstaw osi wynosi 299,5 cm. W porównaniu z poprzednią generacją...', 4, 0),
(11, 'Formuła 1:  Światowa Seria Wyścigów', '\r\nFormuła 1, królowa sportów motorowych, zawsze przynosi niezwykłe emocje, a sezon 2024 nie jest wyjątkiem. Wielkie wydarzenia i dramatyczne momenty zachwyciły fanów na całym świecie, sprawiając, że tegoroczny sezon jest jednym z najbardziej ekscytujących w historii tej serii wyścigowej.\r\n<br>\r\n<br>\r\n<h1 class=\"title\">Walka o Tytuł: Rywalizacja na Wysokim Poziomie</h1>\r\n\r\nRywalizacja o mistrzostwo w sezonie 2024 toczy się na najwyższym poziomie. Wiodące zespoły i kierowcy walczą zaciekle o punkty i zwycięstwa na torze. Dynamiczne pojedynki pomiędzy mistrzami, takimi jak Lewis Hamilton, Max Verstappen czy Charles Leclerc, dostarczają niezapomnianych chwil dla fanów wyścigów.\r\n<div class=\"conatiner-fluid d-flex justify-content-center\"><img class=\"artimg\" src=\"img/article/articleImages/11/image11-1.png\"/></div>\r\n<h1 class=\"title\">Nowe Zespoły, Nowe Nadzieje: Wzrost Konkurencji</h1>\r\n\r\nSezon 2024 przyniósł również nowe zespoły do stawki, co dodatkowo wzbogaca rywalizację. Młode talenty i doświadczeni weterani współtworzą ekipy, które mają ambicję wywalczenia swojego miejsca na podium. To podnosi poprzeczkę i sprawia, że każdy wyścig staje się nieprzewidywalny.\r\n<div class=\"conatiner-fluid d-flex justify-content-center\"><img class=\"artimg\" src=\"img/article/articleImages/11/image11-2.png\"/></div>\r\n\r\nFormuła 1 zawsze była polem doświadczalnym dla najnowszych osiągnięć technologicznych w motoryzacji. Sezon 2024 przyniósł kolejne innowacje, zarówno w obszarze napędu, jak i aerodynamiki. Rozwój silników hybrydowych, opon o jeszcze lepszych właściwościach oraz systemów wsparcia dla kierowców sprawiają, że samochody są szybsze i bardziej efektywne niż kiedykolwiek wcześniej.\r\n<br>\r\n<br>\r\n<h1 class=\"title\">Globalne Wydarzenia: Światowe Grand Prix Przyciągają Tłumy</h1>\r\n\r\nGrand Prix odbywające się na torach na całym świecie przyciągają rzesze fanów z różnych zakątków globu. Od emocjonującego Grand Prix Monako po spektakularne wyścigi w Monzy czy Suzuce, każde wydarzenie przynosi unikalną atmosferę i niezapomniane wrażenia.\r\n\r\nPodsumowując, każdy sezon Formuły 1 dostarcza niesamowitych emocji i niezwykłych chwil dla fanów motorsportu. Walka o tytuł mistrza, rozwój technologii oraz globalne wydarzenia torowe sprawiają, że Formuła 1 pozostaje jednym z najbardziej ekscytujących sportów na świecie.\r\n<div class=\"conatiner-fluid d-flex justify-content-center\"><img class=\"artimg\" src=\"img/article/articleImages/11/image11-3.png\"/></div>\r\n<br>\r\n<br>', 'Formuła 1, królowa sportów motorowych, zawsze przynosi niezwykłe emocje...', 3, 0);

-- --------------------------------------------------------

--
-- Struktura tabeli dla tabeli `opinions`
--

CREATE TABLE `opinions` (
  `opinionId` int(11) NOT NULL,
  `articleId` int(11) DEFAULT NULL,
  `userId` int(11) DEFAULT NULL,
  `content` text DEFAULT '',
  `rating` int(1) DEFAULT NULL,
  `addDate` datetime NOT NULL DEFAULT current_timestamp(),
  `isEdited` tinyint(1) NOT NULL DEFAULT 0
) ENGINE=InnoDB DEFAULT CHARSET=utf8mb4 COLLATE=utf8mb4_general_ci;

--
-- Zrzut danych tabeli `opinions`
--

INSERT INTO `opinions` (`opinionId`, `articleId`, `userId`, `content`, `rating`, `addDate`, `isEdited`) VALUES
(31, 3, 17, 'Bardzo pouczające. Dzięki za podzielenie się tą wiedzą!', 5, '2024-04-01 17:50:09', 1),
(32, 4, 17, 'Fascynujące! Przeczytałem ten artykuł z zapartym tchem.', 3, '2024-04-01 17:50:09', 0),
(33, 5, 17, 'Bardzo wartościowy artykuł. Wiedza w nim zawarta na pewno przyda mi się w przyszłości.', 5, '2024-04-01 17:50:09', 1),
(34, 6, 17, 'Wspaniałe spojrzenie na temat. Autor zrobił świetną robotę!', 5, '2024-04-01 17:50:09', 1),
(35, 7, 17, 'To był naprawdę ciekawy artykuł. Czekam na więcej takich treści!', 2, '2024-04-01 17:50:09', 0),
(36, 1, 19, 'Interesujące spojrzenie na temat. Ciekawe, co autor ma do powiedzenia dalej.', 5, '2024-04-01 17:50:09', 1),
(37, 2, 19, 'Bardzo pouczające. Dzięki za podzielenie się tą wiedzą!', 5, '2024-04-01 17:50:09', 0),
(38, 3, 19, 'Świetnie napisane! Bardzo doceniam treści takiej jakości.', 1, '2024-04-01 17:50:09', 0),
(39, 4, 19, 'To był świetny artykuł. Czytało się go bardzo przyjemnie.', 4, '2024-04-01 17:50:09', 0),
(40, 5, 19, 'Bardzo wartościowy artykuł. Cieszę się, że miałem okazję go przeczytać.', 4, '2024-04-01 17:50:09', 0),
(41, 6, 19, 'Fascynujące spojrzenie na temat. Autor zasługuje na uznanie za tę pracę.', 4, '2024-04-01 17:50:09', 0),
(42, 7, 19, 'Bardzo ciekawy artykuł. Czekam na kolejne publikacje autora!', 4, '2024-04-01 17:50:09', 0),
(44, 1, 42, 'Interesujące spojrzenie na temat.', 1, '2024-04-01 18:18:22', 0),
(45, 1, 43, 'Świetnie napisany tekst.', 3, '2024-04-01 18:18:22', 0),
(46, 1, 44, 'Intrygujące spojrzenie na zagadnienie.', 4, '2024-04-01 18:18:22', 0),
(47, 1, 45, 'Ciekawa analiza.', 3, '2024-04-01 18:18:22', 0),
(48, 1, 46, 'Ciekawy punkt widzenia.', 5, '2024-04-01 18:18:22', 0),
(49, 1, 47, 'Wartościowa lektura.', 4, '2024-04-01 18:18:22', 0),
(50, 1, 48, 'Zachęcam do przeczytania.', 5, '2024-04-01 18:18:22', 0),
(51, 1, 49, 'Niezłe spojrzenie na temat.', 5, '2024-04-01 18:18:22', 0),
(52, 1, 50, 'Przyjemnie się czytało.', 3, '2024-04-01 18:18:22', 0),
(53, 2, 41, 'Warto przeczytać.', 5, '2024-04-01 18:18:22', 1),
(54, 2, 42, 'Bardzo pouczające.', 2, '2024-04-01 18:18:22', 0),
(55, 2, 43, 'Ciekawa lektura.', 4, '2024-04-01 18:18:22', 0),
(56, 2, 44, 'Fascynujący artykuł.', 4, '2024-04-01 18:18:22', 0),
(57, 2, 45, 'Wspaniale napisane.', 1, '2024-04-01 18:18:22', 0),
(58, 2, 46, 'Intrygująca tematyka.', 5, '2024-04-01 18:18:22', 0),
(59, 2, 47, 'Ciekawy punkt widzenia.', 3, '2024-04-01 18:18:22', 0),
(60, 2, 48, 'Wciągająca lektura.', 3, '2024-04-01 18:18:22', 0),
(61, 2, 49, 'Zachęcam do przeczytania.', 3, '2024-04-01 18:18:22', 0),
(62, 2, 50, 'Niezłe spojrzenie na temat.', 3, '2024-04-01 18:18:22', 0),
(63, 3, 41, 'Warto zastanowić się nad tym tekstem.', 3, '2024-04-01 18:18:22', 0),
(64, 3, 42, 'Inspirujące słowa.', 5, '2024-04-01 18:18:22', 0),
(65, 3, 43, 'Ciekawe spojrzenie na problem.', 5, '2024-04-01 18:18:22', 0),
(66, 3, 44, 'Przydatne informacje.', 3, '2024-04-01 18:18:22', 0),
(67, 3, 45, 'Warto przemyśleć.', 1, '2024-04-01 18:18:22', 0),
(68, 3, 46, 'Interesujący temat.', 2, '2024-04-01 18:18:22', 0),
(69, 3, 47, 'Ciekawa analiza.', 2, '2024-04-01 18:18:22', 0),
(70, 3, 48, 'Warto się zastanowić.', 5, '2024-04-01 18:18:22', 0),
(71, 3, 49, 'Zachęcam do przeczytania.', 1, '2024-04-01 18:18:22', 0),
(72, 3, 50, 'Niezłe spojrzenie na temat.', 5, '2024-04-01 18:18:22', 0),
(73, 4, 41, 'Warto przeczytać.', 3, '2024-04-01 18:18:22', 0),
(74, 4, 42, 'Bardzo pouczające.', 5, '2024-04-01 18:18:22', 0),
(75, 4, 43, 'Ciekawa lektura.', 5, '2024-04-01 18:18:22', 0),
(76, 4, 44, 'Fascynujący artykuł.', 2, '2024-04-01 18:18:22', 0),
(77, 4, 45, 'Wspaniale napisane.', 3, '2024-04-01 18:18:22', 0),
(78, 4, 46, 'Intrygująca tematyka.', 1, '2024-04-01 18:18:22', 0),
(79, 4, 47, 'Ciekawy punkt widzenia.', 1, '2024-04-01 18:18:22', 0),
(80, 4, 48, 'Wciągająca lektura.', 3, '2024-04-01 18:18:22', 0),
(81, 4, 49, 'Zachęcam do przeczytania.', 2, '2024-04-01 18:18:22', 0),
(82, 4, 50, 'Niezłe spojrzenie na temat.', 4, '2024-04-01 18:18:22', 0),
(83, 5, 41, 'Warto zastanowić się nad tym tekstem.', 3, '2024-04-01 18:18:22', 0),
(84, 5, 42, 'Inspirujące słowa.', 1, '2024-04-01 18:18:22', 0),
(85, 5, 43, 'Ciekawe spojrzenie na problem.', 2, '2024-04-01 18:18:22', 0),
(86, 5, 44, 'Przydatne informacje.', 3, '2024-04-01 18:18:22', 0),
(87, 5, 45, 'Warto przemyśleć.', 4, '2024-04-01 18:18:22', 0),
(88, 5, 46, 'Interesujący temat.', 5, '2024-04-01 18:18:22', 0),
(89, 5, 47, 'Ciekawa analiza.', 5, '2024-04-01 18:18:22', 0),
(90, 5, 48, 'Warto się zastanowić.', 2, '2024-04-01 18:18:22', 0),
(91, 5, 49, 'Zachęcam do przeczytania.', 3, '2024-04-01 18:18:22', 0),
(92, 5, 50, 'Niezłe spojrzenie na temat.', 1, '2024-04-01 18:18:22', 0),
(93, 6, 41, 'Warto przeczytać.', 4, '2024-04-01 18:18:22', 0),
(94, 6, 42, 'Bardzo pouczające.', 5, '2024-04-01 18:18:22', 0),
(95, 6, 43, 'Ciekawa lektura.', 1, '2024-04-01 18:18:22', 0),
(96, 6, 44, 'Fascynujący artykuł.', 2, '2024-04-01 18:18:22', 0),
(97, 6, 45, 'Wspaniale napisane.', 5, '2024-04-01 18:18:22', 0),
(98, 6, 46, 'Intrygująca tematyka.', 2, '2024-04-01 18:18:22', 0),
(99, 6, 47, 'Ciekawy punkt widzenia.', 3, '2024-04-01 18:18:22', 0),
(100, 6, 48, 'Wciągająca lektura.', 3, '2024-04-01 18:18:22', 0),
(101, 6, 49, 'Zachęcam do przeczytania.', 4, '2024-04-01 18:18:22', 0),
(102, 6, 50, 'Niezłe spojrzenie na temat.', 3, '2024-04-01 18:18:22', 0),
(103, 7, 41, 'Warto zastanowić się nad tym tekstem.', 2, '2024-04-01 18:18:22', 0),
(104, 7, 42, 'Inspirujące słowa.', 1, '2024-04-01 18:18:22', 0),
(105, 7, 43, 'Ciekawe spojrzenie na problem.', 4, '2024-04-01 18:18:22', 0),
(106, 7, 44, 'Przydatne informacje.', 2, '2024-04-01 18:18:22', 0),
(107, 7, 45, 'Warto przemyśleć.', 3, '2024-04-01 18:18:22', 0),
(108, 7, 46, 'Interesujący temat.', 2, '2024-04-01 18:18:22', 0),
(109, 7, 47, 'Ciekawa analiza.', 5, '2024-04-01 18:18:22', 0),
(110, 7, 48, 'Warto się zastanowić.', 4, '2024-04-01 18:18:22', 0),
(111, 7, 49, 'Zachęcam do przeczytania.', 1, '2024-04-01 18:18:22', 0),
(112, 7, 50, 'Niezłe spojrzenie na temat.', 1, '2024-04-01 18:18:22', 0),
(113, 1, 41, 'Ciekawy temat', 3, '2024-04-01 18:21:04', 0),
(114, 1, 61, 'Ciekawy artykuł.', 4, '2024-04-01 18:23:14', 0),
(115, 1, 62, 'Warto przeczytać.', 2, '2024-04-01 18:23:14', 0),
(116, 1, 63, 'Dobrze napisane.', 3, '2024-04-01 18:23:14', 0),
(117, 1, 64, 'Interesujące spojrzenie.', 1, '2024-04-01 18:23:14', 0),
(118, 1, 65, 'Ciekawe wnioski.', 3, '2024-04-01 18:23:14', 0),
(119, 1, 66, 'Zachęcam do przeczytania.', 5, '2024-04-01 18:23:14', 0),
(120, 1, 67, 'Inspirujący tekst.', 3, '2024-04-01 18:23:14', 0),
(121, 1, 68, 'Wciągająca lektura.', 2, '2024-04-01 18:23:14', 0),
(122, 1, 69, 'Warto zastanowić się nad treścią.', 2, '2024-04-01 18:23:14', 0),
(123, 1, 70, 'Przydatne informacje.', 2, '2024-04-01 18:23:14', 0),
(124, 2, 61, 'Intrygujący artykuł.', 3, '2024-04-01 18:23:14', 0),
(125, 2, 62, 'Ciekawe spojrzenie na temat.', 4, '2024-04-01 18:23:14', 0),
(126, 2, 63, 'Warto przeczytać.', 3, '2024-04-01 18:23:14', 0),
(127, 2, 64, 'Inspirujące słowa.', 5, '2024-04-01 18:23:14', 0),
(128, 2, 65, 'Niezłe spojrzenie.', 2, '2024-04-01 18:23:14', 0),
(129, 2, 66, 'Ciekawa analiza.', 4, '2024-04-01 18:23:14', 0),
(130, 2, 67, 'Warto się zastanowić.', 4, '2024-04-01 18:23:14', 0),
(131, 2, 68, 'Przyjemnie się czytało.', 2, '2024-04-01 18:23:14', 0),
(132, 2, 69, 'Fascynujący artykuł.', 3, '2024-04-01 18:23:14', 0),
(133, 2, 70, 'Zachęcam do przeczytania.', 2, '2024-04-01 18:23:14', 0),
(134, 3, 61, 'Ciekawy punkt widzenia.', 3, '2024-04-01 18:23:14', 0),
(135, 3, 62, 'Warto zastanowić się nad treścią.', 3, '2024-04-01 18:23:14', 0),
(136, 3, 63, 'Interesujące spojrzenie na temat.', 1, '2024-04-01 18:23:14', 0),
(137, 3, 64, 'Fascynujący tekst.', 1, '2024-04-01 18:23:14', 0),
(138, 3, 65, 'Ciekawe wnioski.', 1, '2024-04-01 18:23:14', 0),
(139, 3, 66, 'Dobrze napisane.', 5, '2024-04-01 18:23:14', 0),
(140, 3, 67, 'Warto przeczytać.', 5, '2024-04-01 18:23:14', 0),
(141, 3, 68, 'Inspirujący artykuł.', 3, '2024-04-01 18:23:14', 0),
(142, 3, 69, 'Przydatne informacje.', 3, '2024-04-01 18:23:14', 0),
(143, 3, 70, 'Zachęcam do przeczytania.', 1, '2024-04-01 18:23:14', 0),
(144, 4, 61, 'Ciekawa analiza.', 3, '2024-04-01 18:23:14', 0),
(145, 4, 62, 'Warto się zastanowić.', 5, '2024-04-01 18:23:14', 0),
(146, 4, 63, 'Fascynujący tekst.', 5, '2024-04-01 18:23:14', 0),
(147, 4, 64, 'Ciekawe wnioski.', 3, '2024-04-01 18:23:14', 0),
(148, 4, 65, 'Dobrze napisane.', 1, '2024-04-01 18:23:14', 0),
(149, 4, 66, 'Warto przeczytać.', 3, '2024-04-01 18:23:14', 0),
(150, 4, 67, 'Inspirujący artykuł.', 4, '2024-04-01 18:23:14', 0),
(151, 4, 68, 'Ciekawe spojrzenie na temat.', 5, '2024-04-01 18:23:14', 0),
(152, 4, 69, 'Zachęcam do przeczytania.', 3, '2024-04-01 18:23:14', 0),
(153, 4, 70, 'Przyjemnie się czytało.', 4, '2024-04-01 18:23:14', 0),
(154, 5, 61, 'Fascynujący artykuł.', 4, '2024-04-01 18:23:14', 0),
(155, 5, 62, 'Zachęcam do przeczytania.', 4, '2024-04-01 18:23:14', 0),
(156, 5, 63, 'Ciekawa analiza.', 3, '2024-04-01 18:23:14', 0),
(157, 5, 64, 'Warto się zastanowić.', 4, '2024-04-01 18:23:14', 0),
(158, 5, 65, 'Inspirujące słowa.', 4, '2024-04-01 18:23:14', 0),
(159, 5, 66, 'Ciekawe spojrzenie na temat.', 1, '2024-04-01 18:23:14', 0),
(160, 5, 67, 'Warto przeczytać.', 3, '2024-04-01 18:23:14', 0),
(161, 5, 68, 'Interesujący punkt widzenia.', 3, '2024-04-01 18:23:14', 0),
(162, 5, 69, 'Niezłe spojrzenie.', 4, '2024-04-01 18:23:14', 0),
(163, 5, 70, 'Ciekawe wnioski.', 2, '2024-04-01 18:23:14', 0),
(164, 6, 61, 'Interesujący punkt widzenia.', 4, '2024-04-01 18:23:14', 0),
(165, 6, 62, 'Warto przeczytać.', 5, '2024-04-01 18:23:14', 0),
(166, 6, 63, 'Ciekawe spojrzenie na temat.', 4, '2024-04-01 18:23:14', 0),
(167, 6, 64, 'Inspirujące słowa.', 3, '2024-04-01 18:23:14', 0),
(168, 6, 65, 'Niezłe spojrzenie.', 1, '2024-04-01 18:23:14', 0),
(169, 6, 66, 'Ciekawe wnioski.', 2, '2024-04-01 18:23:14', 0),
(170, 6, 67, 'Interesujący punkt widzenia.', 1, '2024-04-01 18:23:14', 0),
(171, 6, 68, 'Warto przeczytać.', 5, '2024-04-01 18:23:14', 0),
(172, 6, 69, 'Ciekawe spojrzenie na temat.', 3, '2024-04-01 18:23:14', 0),
(173, 6, 70, 'Inspirujące słowa.', 2, '2024-04-01 18:23:14', 0),
(174, 7, 61, 'Niezłe spojrzenie.', 2, '2024-04-01 18:23:14', 0),
(175, 7, 62, 'Ciekawe wnioski.', 3, '2024-04-01 18:23:14', 0),
(176, 7, 63, 'Dobrze napisane.', 2, '2024-04-01 18:23:14', 0),
(177, 7, 64, 'Warto przeczytać.', 5, '2024-04-01 18:23:14', 0),
(178, 7, 65, 'Inspirujący artykuł.', 2, '2024-04-01 18:23:14', 0),
(179, 7, 66, 'Ciekawe spojrzenie na temat.', 1, '2024-04-01 18:23:14', 0),
(180, 7, 67, 'Warto się zastanowić.', 1, '2024-04-01 18:23:14', 0),
(181, 7, 68, 'Fascynujący tekst.', 5, '2024-04-01 18:23:14', 0),
(182, 7, 69, 'Ciekawe wnioski.', 5, '2024-04-01 18:23:14', 0),
(183, 7, 70, 'Dobrze napisane.', 1, '2024-04-01 18:23:14', 0),
(184, 1, 71, 'Ciekawy artykuł.', 2, '2024-04-01 18:23:14', 0),
(185, 1, 72, 'Warto przeczytać.', 3, '2024-04-01 18:23:14', 0),
(186, 1, 73, 'Dobrze napisane.', 3, '2024-04-01 18:23:14', 0),
(187, 1, 74, 'Interesujące spojrzenie.', 3, '2024-04-01 18:23:14', 0),
(188, 1, 75, 'Ciekawe wnioski.', 4, '2024-04-01 18:23:14', 0),
(189, 1, 76, 'Zachęcam do przeczytania.', 2, '2024-04-01 18:23:14', 0),
(190, 1, 77, 'Inspirujący tekst.', 4, '2024-04-01 18:23:14', 0),
(191, 1, 78, 'Wciągająca lektura.', 1, '2024-04-01 18:23:14', 0),
(192, 1, 79, 'Warto zastanowić się nad treścią.', 4, '2024-04-01 18:23:14', 0),
(193, 1, 80, 'Przydatne informacje.', 2, '2024-04-01 18:23:14', 0),
(194, 2, 71, 'Intrygujący artykuł.', 2, '2024-04-01 18:23:14', 0),
(195, 2, 72, 'Ciekawe spojrzenie na temat.', 5, '2024-04-01 18:23:14', 0),
(196, 2, 73, 'Warto przeczytać.', 4, '2024-04-01 18:23:14', 0),
(197, 2, 74, 'Inspirujące słowa.', 2, '2024-04-01 18:23:14', 0),
(198, 2, 75, 'Niezłe spojrzenie.', 3, '2024-04-01 18:23:14', 0),
(199, 2, 76, 'Ciekawa analiza.', 1, '2024-04-01 18:23:14', 0),
(200, 2, 77, 'Warto się zastanowić.', 3, '2024-04-01 18:23:14', 0),
(201, 2, 78, 'Przyjemnie się czytało.', 2, '2024-04-01 18:23:14', 0),
(202, 2, 79, 'Fascynujący artykuł.', 2, '2024-04-01 18:23:14', 0),
(203, 2, 80, 'Zachęcam do przeczytania.', 3, '2024-04-01 18:23:14', 0),
(204, 3, 71, 'Ciekawy punkt widzenia.', 2, '2024-04-01 18:23:14', 0),
(205, 3, 72, 'Warto zastanowić się nad treścią.', 3, '2024-04-01 18:23:14', 0),
(206, 3, 73, 'Interesujące spojrzenie na temat.', 3, '2024-04-01 18:23:14', 0),
(207, 3, 74, 'Fascynujący tekst.', 2, '2024-04-01 18:23:14', 0),
(208, 3, 75, 'Ciekawe wnioski.', 3, '2024-04-01 18:23:14', 0),
(209, 3, 76, 'Dobrze napisane.', 5, '2024-04-01 18:23:14', 0),
(210, 3, 77, 'Warto przeczytać.', 2, '2024-04-01 18:23:14', 0),
(211, 3, 78, 'Inspirujący artykuł.', 4, '2024-04-01 18:23:14', 0),
(212, 3, 79, 'Przydatne informacje.', 1, '2024-04-01 18:23:14', 0),
(213, 3, 80, 'Zachęcam do przeczytania.', 4, '2024-04-01 18:23:14', 0),
(214, 4, 71, 'Ciekawa analiza.', 2, '2024-04-01 18:23:14', 0),
(215, 4, 72, 'Warto się zastanowić.', 4, '2024-04-01 18:23:14', 0),
(216, 4, 73, 'Fascynujący tekst.', 1, '2024-04-01 18:23:14', 0),
(217, 4, 74, 'Ciekawe wnioski.', 4, '2024-04-01 18:23:14', 0),
(218, 4, 75, 'Dobrze napisane.', 2, '2024-04-01 18:23:14', 0),
(219, 4, 76, 'Warto przeczytać.', 3, '2024-04-01 18:23:14', 0),
(220, 4, 77, 'Inspirujący artykuł.', 4, '2024-04-01 18:23:14', 0),
(221, 4, 78, 'Ciekawe spojrzenie na temat.', 1, '2024-04-01 18:23:14', 0),
(222, 4, 79, 'Zachęcam do przeczytania.', 1, '2024-04-01 18:23:14', 0),
(223, 4, 80, 'Przyjemnie się czytało.', 1, '2024-04-01 18:23:14', 0),
(224, 5, 71, 'Fascynujący artykuł.', 2, '2024-04-01 18:23:14', 0),
(225, 5, 72, 'Zachęcam do przeczytania.', 5, '2024-04-01 18:23:14', 0),
(226, 5, 73, 'Ciekawa analiza.', 1, '2024-04-01 18:23:14', 0),
(227, 5, 74, 'Warto się zastanowić.', 3, '2024-04-01 18:23:14', 0),
(228, 5, 75, 'Inspirujące słowa.', 5, '2024-04-01 18:23:14', 0),
(229, 5, 76, 'Ciekawe spojrzenie na temat.', 1, '2024-04-01 18:23:14', 0),
(230, 5, 77, 'Warto przeczytać.', 3, '2024-04-01 18:23:14', 0),
(231, 5, 78, 'Interesujący punkt widzenia.', 5, '2024-04-01 18:23:14', 0),
(232, 5, 79, 'Niezłe spojrzenie.', 4, '2024-04-01 18:23:14', 0),
(233, 5, 80, 'Ciekawe wnioski.', 3, '2024-04-01 18:23:14', 0),
(234, 6, 71, 'Interesujący punkt widzenia.', 4, '2024-04-01 18:23:14', 0),
(235, 6, 72, 'Warto przeczytać.', 5, '2024-04-01 18:23:14', 0),
(236, 6, 73, 'Ciekawe spojrzenie na temat.', 1, '2024-04-01 18:23:14', 0),
(237, 6, 74, 'Inspirujące słowa.', 1, '2024-04-01 18:23:14', 0),
(238, 6, 75, 'Niezłe spojrzenie.', 2, '2024-04-01 18:23:14', 0),
(239, 6, 76, 'Ciekawe wnioski.', 4, '2024-04-01 18:23:14', 0),
(240, 6, 77, 'Interesujący punkt widzenia.', 5, '2024-04-01 18:23:14', 0),
(241, 6, 78, 'Warto przeczytać.', 2, '2024-04-01 18:23:14', 0),
(242, 6, 79, 'Ciekawe spojrzenie na temat.', 1, '2024-04-01 18:23:14', 0),
(243, 6, 80, 'Inspirujące słowa.', 2, '2024-04-01 18:23:14', 0),
(244, 7, 71, 'Niezłe spojrzenie.', 2, '2024-04-01 18:23:14', 0),
(245, 7, 72, 'Ciekawe wnioski.', 2, '2024-04-01 18:23:14', 0),
(246, 7, 73, 'Dobrze napisane.', 5, '2024-04-01 18:23:14', 0),
(247, 7, 74, 'Warto przeczytać.', 4, '2024-04-01 18:23:14', 0),
(248, 7, 75, 'Inspirujący artykuł.', 2, '2024-04-01 18:23:14', 0),
(249, 7, 76, 'Ciekawe spojrzenie na temat.', 3, '2024-04-01 18:23:14', 0),
(250, 7, 77, 'Warto się zastanowić.', 3, '2024-04-01 18:23:14', 0),
(251, 7, 78, 'Fascynujący tekst.', 3, '2024-04-01 18:23:14', 0),
(252, 7, 79, 'Ciekawe wnioski.', 1, '2024-04-01 18:23:14', 0),
(253, 7, 80, 'Dobrze napisane.', 4, '2024-04-01 18:23:14', 0),
(254, 1, 51, 'Ciekawy artykuł.', 3, '2024-04-01 18:23:48', 0),
(255, 1, 52, 'Warto przeczytać.', 3, '2024-04-01 18:23:48', 0),
(256, 1, 53, 'Dobrze napisane.', 1, '2024-04-01 18:23:48', 0),
(257, 1, 54, 'Interesujące spojrzenie.', 4, '2024-04-01 18:23:48', 0),
(258, 1, 55, 'Ciekawe wnioski.', 2, '2024-04-01 18:23:48', 0),
(259, 1, 56, 'Zachęcam do przeczytania.', 1, '2024-04-01 18:23:48', 0),
(260, 1, 57, 'Inspirujący tekst.', 4, '2024-04-01 18:23:48', 0),
(261, 1, 58, 'Wciągająca lektura.', 5, '2024-04-01 18:23:48', 0),
(262, 1, 59, 'Warto zastanowić się nad treścią.', 3, '2024-04-01 18:23:48', 0),
(263, 1, 60, 'Przydatne informacje.', 1, '2024-04-01 18:23:48', 0),
(264, 2, 51, 'Intrygujący artykuł.', 1, '2024-04-01 18:23:48', 0),
(265, 2, 52, 'Ciekawe spojrzenie na temat.', 2, '2024-04-01 18:23:48', 0),
(266, 2, 53, 'Warto przeczytać.', 1, '2024-04-01 18:23:48', 0),
(267, 2, 54, 'Inspirujące słowa.', 5, '2024-04-01 18:23:48', 0),
(268, 2, 55, 'Niezłe spojrzenie.', 3, '2024-04-01 18:23:48', 0),
(269, 2, 56, 'Ciekawa analiza.', 2, '2024-04-01 18:23:48', 0),
(270, 2, 57, 'Warto się zastanowić.', 4, '2024-04-01 18:23:48', 0),
(271, 2, 58, 'Przyjemnie się czytało.', 4, '2024-04-01 18:23:48', 0),
(272, 2, 59, 'Fascynujący artykuł.', 4, '2024-04-01 18:23:48', 0),
(273, 2, 60, 'Zachęcam do przeczytania.', 5, '2024-04-01 18:23:48', 0),
(274, 3, 51, 'Ciekawy punkt widzenia.', 5, '2024-04-01 18:23:48', 0),
(275, 3, 52, 'Warto zastanowić się nad treścią.', 4, '2024-04-01 18:23:48', 0),
(276, 3, 53, 'Interesujące spojrzenie na temat.', 3, '2024-04-01 18:23:48', 0),
(277, 3, 54, 'Fascynujący tekst.', 4, '2024-04-01 18:23:48', 0),
(278, 3, 55, 'Ciekawe wnioski.', 5, '2024-04-01 18:23:48', 0),
(279, 3, 56, 'Dobrze napisane.', 4, '2024-04-01 18:23:48', 0),
(280, 3, 57, 'Warto przeczytać.', 3, '2024-04-01 18:23:48', 0),
(281, 3, 58, 'Inspirujący artykuł.', 3, '2024-04-01 18:23:48', 0),
(282, 3, 59, 'Przydatne informacje.', 4, '2024-04-01 18:23:48', 0),
(283, 3, 60, 'Zachęcam do przeczytania.', 3, '2024-04-01 18:23:48', 0),
(284, 4, 51, 'Ciekawa analiza.', 5, '2024-04-01 18:23:48', 0),
(285, 4, 52, 'Warto się zastanowić.', 5, '2024-04-01 18:23:48', 0),
(286, 4, 53, 'Fascynujący tekst.', 2, '2024-04-01 18:23:48', 0),
(287, 4, 54, 'Ciekawe wnioski.', 2, '2024-04-01 18:23:48', 0),
(288, 4, 55, 'Dobrze napisane.', 2, '2024-04-01 18:23:48', 0),
(289, 4, 56, 'Warto przeczytać.', 5, '2024-04-01 18:23:48', 0),
(290, 4, 57, 'Inspirujący artykuł.', 4, '2024-04-01 18:23:48', 0),
(291, 4, 58, 'Ciekawe spojrzenie na temat.', 3, '2024-04-01 18:23:48', 0),
(292, 4, 59, 'Zachęcam do przeczytania.', 5, '2024-04-01 18:23:48', 0),
(293, 4, 60, 'Przyjemnie się czytało.', 1, '2024-04-01 18:23:48', 0),
(294, 5, 51, 'Fascynujący artykuł.', 5, '2024-04-01 18:23:48', 0),
(295, 5, 52, 'Zachęcam do przeczytania.', 2, '2024-04-01 18:23:48', 0),
(296, 5, 53, 'Ciekawa analiza.', 5, '2024-04-01 18:23:48', 0),
(297, 5, 54, 'Warto się zastanowić.', 4, '2024-04-01 18:23:48', 0),
(298, 5, 55, 'Inspirujące słowa.', 3, '2024-04-01 18:23:48', 0),
(299, 5, 56, 'Ciekawe spojrzenie na temat.', 2, '2024-04-01 18:23:48', 0),
(300, 5, 57, 'Warto przeczytać.', 1, '2024-04-01 18:23:48', 0),
(301, 5, 58, 'Interesujący punkt widzenia.', 2, '2024-04-01 18:23:48', 0),
(302, 5, 59, 'Niezłe spojrzenie.', 2, '2024-04-01 18:23:48', 0),
(303, 5, 60, 'Ciekawe wnioski.', 5, '2024-04-01 18:23:48', 0),
(304, 6, 51, 'Interesujący punkt widzenia.', 2, '2024-04-01 18:23:48', 0),
(305, 6, 52, 'Warto przeczytać.', 5, '2024-04-01 18:23:48', 0),
(306, 6, 53, 'Ciekawe spojrzenie na temat.', 4, '2024-04-01 18:23:48', 0),
(307, 6, 54, 'Inspirujące słowa.', 3, '2024-04-01 18:23:48', 0),
(308, 6, 55, 'Niezłe spojrzenie.', 1, '2024-04-01 18:23:48', 0),
(309, 6, 56, 'Ciekawe wnioski.', 4, '2024-04-01 18:23:48', 0),
(310, 6, 57, 'Interesujący punkt widzenia.', 4, '2024-04-01 18:23:48', 0),
(311, 6, 58, 'Warto przeczytać.', 1, '2024-04-01 18:23:48', 0),
(312, 6, 59, 'Ciekawe spojrzenie na temat.', 5, '2024-04-01 18:23:48', 0),
(313, 6, 60, 'Inspirujące słowa.', 1, '2024-04-01 18:23:48', 0),
(314, 7, 51, 'Niezłe spojrzenie.', 2, '2024-04-01 18:23:48', 0),
(315, 7, 52, 'Ciekawe wnioski.', 5, '2024-04-01 18:23:48', 0),
(316, 7, 53, 'Dobrze napisane.', 2, '2024-04-01 18:23:48', 0),
(317, 7, 54, 'Warto przeczytać.', 5, '2024-04-01 18:23:48', 0),
(318, 7, 55, 'Inspirujący artykuł.', 1, '2024-04-01 18:23:48', 0),
(319, 7, 56, 'Ciekawe spojrzenie na temat.', 2, '2024-04-01 18:23:48', 0),
(320, 7, 57, 'Warto się zastanowić.', 3, '2024-04-01 18:23:48', 0),
(321, 7, 58, 'Fascynujący tekst.', 5, '2024-04-01 18:23:48', 0),
(322, 7, 59, 'Ciekawe wnioski.', 3, '2024-04-01 18:23:48', 0),
(323, 7, 60, 'Dobrze napisane.', 5, '2024-04-01 18:23:48', 0),
(394, 1, 81, 'Ciekawy artykuł.', 1, '2024-04-01 18:29:23', 0),
(395, 1, 82, 'Warto przeczytać.', 1, '2024-04-01 18:29:23', 0),
(396, 1, 83, 'Dobrze napisane.', 4, '2024-04-01 18:29:23', 0),
(397, 1, 84, 'Interesujące spojrzenie.', 5, '2024-04-01 18:29:23', 0),
(398, 1, 85, 'Ciekawe wnioski.', 1, '2024-04-01 18:29:23', 0),
(399, 1, 86, 'Zachęcam do przeczytania.', 5, '2024-04-01 18:29:23', 0),
(400, 1, 87, 'Inspirujący tekst.', 1, '2024-04-01 18:29:23', 0),
(401, 1, 88, 'Wciągająca lektura.', 3, '2024-04-01 18:29:23', 0),
(402, 1, 89, 'Warto zastanowić się nad treścią.', 5, '2024-04-01 18:29:23', 0),
(403, 1, 90, 'Przydatne informacje.', 3, '2024-04-01 18:29:23', 0),
(404, 2, 81, 'Intrygujący artykuł.', 4, '2024-04-01 18:29:23', 0),
(405, 2, 82, 'Ciekawe spojrzenie na temat.', 1, '2024-04-01 18:29:23', 0),
(406, 2, 83, 'Warto przeczytać.', 4, '2024-04-01 18:29:23', 0),
(407, 2, 84, 'Inspirujące słowa.', 4, '2024-04-01 18:29:23', 0),
(408, 2, 85, 'Niezłe spojrzenie.', 2, '2024-04-01 18:29:23', 0),
(409, 2, 86, 'Ciekawa analiza.', 1, '2024-04-01 18:29:23', 0),
(410, 2, 87, 'Warto się zastanowić.', 1, '2024-04-01 18:29:23', 0),
(411, 2, 88, 'Przyjemnie się czytało.', 1, '2024-04-01 18:29:23', 0),
(412, 2, 89, 'Fascynujący artykuł.', 3, '2024-04-01 18:29:23', 0),
(413, 2, 90, 'Zachęcam do przeczytania.', 1, '2024-04-01 18:29:23', 0),
(414, 3, 81, 'Ciekawy punkt widzenia.', 5, '2024-04-01 18:29:23', 0),
(415, 3, 82, 'Warto zastanowić się nad treścią.', 5, '2024-04-01 18:29:23', 0),
(416, 3, 83, 'Interesujące spojrzenie na temat.', 2, '2024-04-01 18:29:23', 0),
(417, 3, 84, 'Fascynujący tekst.', 4, '2024-04-01 18:29:23', 0),
(418, 3, 85, 'Ciekawe wnioski.', 1, '2024-04-01 18:29:23', 0),
(419, 3, 86, 'Dobrze napisane.', 1, '2024-04-01 18:29:23', 0),
(420, 3, 87, 'Warto przeczytać.', 5, '2024-04-01 18:29:23', 0),
(421, 3, 88, 'Inspirujący artykuł.', 3, '2024-04-01 18:29:23', 0),
(422, 3, 89, 'Przydatne informacje.', 4, '2024-04-01 18:29:23', 0),
(423, 3, 90, 'Zachęcam do przeczytania.', 2, '2024-04-01 18:29:23', 0),
(424, 4, 81, 'Ciekawa analiza.', 2, '2024-04-01 18:29:23', 0),
(425, 4, 82, 'Warto się zastanowić.', 3, '2024-04-01 18:29:23', 0),
(426, 4, 83, 'Fascynujący tekst.', 2, '2024-04-01 18:29:23', 0),
(427, 4, 84, 'Ciekawe wnioski.', 4, '2024-04-01 18:29:23', 0),
(428, 4, 85, 'Dobrze napisane.', 5, '2024-04-01 18:29:23', 0),
(429, 4, 86, 'Warto przeczytać.', 5, '2024-04-01 18:29:23', 0),
(430, 4, 87, 'Inspirujący artykuł.', 5, '2024-04-01 18:29:23', 0),
(431, 4, 88, 'Ciekawe spojrzenie na temat.', 4, '2024-04-01 18:29:23', 0),
(432, 4, 89, 'Zachęcam do przeczytania.', 4, '2024-04-01 18:29:23', 0),
(433, 4, 90, 'Przyjemnie się czytało.', 2, '2024-04-01 18:29:23', 0),
(434, 5, 81, 'Fascynujący artykuł.', 4, '2024-04-01 18:29:23', 0),
(435, 5, 82, 'Zachęcam do przeczytania.', 4, '2024-04-01 18:29:23', 0),
(436, 5, 83, 'Ciekawa analiza.', 4, '2024-04-01 18:29:23', 0),
(437, 5, 84, 'Warto się zastanowić.', 5, '2024-04-01 18:29:23', 0),
(438, 5, 85, 'Inspirujące słowa.', 2, '2024-04-01 18:29:23', 0),
(439, 5, 86, 'Ciekawe spojrzenie na temat.', 2, '2024-04-01 18:29:23', 0),
(440, 5, 87, 'Warto przeczytać.', 2, '2024-04-01 18:29:23', 0),
(441, 5, 88, 'Interesujący punkt widzenia.', 5, '2024-04-01 18:29:23', 0),
(442, 5, 89, 'Niezłe spojrzenie.', 3, '2024-04-01 18:29:23', 0),
(443, 5, 90, 'Ciekawe wnioski.', 3, '2024-04-01 18:29:23', 0),
(444, 6, 81, 'Interesujący punkt widzenia.', 3, '2024-04-01 18:29:23', 0),
(445, 6, 82, 'Warto przeczytać.', 1, '2024-04-01 18:29:23', 0),
(446, 6, 83, 'Ciekawe spojrzenie na temat.', 1, '2024-04-01 18:29:23', 0),
(447, 6, 84, 'Inspirujące słowa.', 2, '2024-04-01 18:29:23', 0),
(448, 6, 85, 'Niezłe spojrzenie.', 1, '2024-04-01 18:29:23', 0),
(449, 6, 86, 'Ciekawe wnioski.', 2, '2024-04-01 18:29:23', 0),
(450, 6, 87, 'Interesujący punkt widzenia.', 1, '2024-04-01 18:29:23', 0),
(451, 6, 88, 'Warto przeczytać.', 3, '2024-04-01 18:29:23', 0),
(452, 6, 89, 'Ciekawe spojrzenie na temat.', 3, '2024-04-01 18:29:23', 0),
(453, 6, 90, 'Inspirujące słowa.', 4, '2024-04-01 18:29:23', 0),
(454, 7, 81, 'Niezłe spojrzenie.', 2, '2024-04-01 18:29:23', 0),
(455, 7, 82, 'Ciekawe wnioski.', 1, '2024-04-01 18:29:23', 0),
(456, 7, 83, 'Dobrze napisane.', 1, '2024-04-01 18:29:23', 0),
(457, 7, 84, 'Warto przeczytać.', 4, '2024-04-01 18:29:23', 0),
(458, 7, 85, 'Inspirujący artykuł.', 1, '2024-04-01 18:29:23', 0),
(459, 7, 86, 'Ciekawe spojrzenie na temat.', 5, '2024-04-01 18:29:23', 0),
(460, 7, 87, 'Warto się zastanowić.', 5, '2024-04-01 18:29:23', 0),
(461, 7, 88, 'Fascynujący tekst.', 1, '2024-04-01 18:29:23', 0),
(462, 7, 89, 'Ciekawe wnioski.', 3, '2024-04-01 18:29:23', 0),
(463, 7, 90, 'Dobrze napisane.', 1, '2024-04-01 18:29:23', 0),
(464, 1, 91, 'Bardzo interesujący artykuł!', 5, '2024-04-01 18:30:34', 0),
(465, 1, 92, 'Wspaniała lektura.', 4, '2024-04-01 18:30:34', 0),
(466, 1, 93, 'Fantastyczny artykuł!', 5, '2024-04-01 18:30:34', 0),
(467, 1, 94, 'Bardzo inspirujący.', 5, '2024-04-01 18:30:34', 0),
(468, 1, 95, 'Świetna analiza.', 4, '2024-04-01 18:30:34', 0),
(469, 1, 96, 'Zachęcam do przeczytania.', 4, '2024-04-01 18:30:34', 0),
(470, 1, 97, 'Warto przeczytać.', 5, '2024-04-01 18:30:34', 0),
(471, 1, 98, 'Inspirujący tekst.', 5, '2024-04-01 18:30:34', 0),
(472, 1, 99, 'Ciekawy punkt widzenia.', 4, '2024-04-01 18:30:34', 0),
(473, 1, 100, 'Wciągająca lektura.', 5, '2024-04-01 18:30:34', 0),
(474, 2, 91, 'Fascynujący artykuł.', 5, '2024-04-01 18:30:34', 0),
(475, 2, 92, 'Ciekawa analiza.', 4, '2024-04-01 18:30:34', 0),
(476, 2, 93, 'Warto przeczytać.', 4, '2024-04-01 18:30:34', 0),
(477, 2, 94, 'Inspirujące słowa.', 4, '2024-04-01 18:30:34', 0),
(478, 2, 95, 'Niezłe spojrzenie.', 4, '2024-04-01 18:30:34', 0),
(479, 2, 96, 'Ciekawe spojrzenie na temat.', 5, '2024-04-01 18:30:34', 0),
(480, 2, 97, 'Warto przeczytać.', 4, '2024-04-01 18:30:34', 0),
(481, 2, 98, 'Interesujący punkt widzenia.', 5, '2024-04-01 18:30:34', 0),
(482, 2, 99, 'Niezłe spojrzenie.', 4, '2024-04-01 18:30:34', 0),
(483, 2, 100, 'Ciekawe wnioski.', 4, '2024-04-01 18:30:34', 0),
(484, 3, 91, 'Wspaniała analiza.', 4, '2024-04-01 18:30:34', 0),
(485, 3, 92, 'Ciekawe spojrzenie na temat.', 4, '2024-04-01 18:30:34', 0),
(486, 3, 93, 'Interesujące spojrzenie.', 4, '2024-04-01 18:30:34', 0),
(487, 3, 94, 'Intrygujące spojrzenie na temat.', 4, '2024-04-01 18:30:34', 0),
(488, 3, 95, 'Ciekawa analiza.', 4, '2024-04-01 18:30:34', 0),
(489, 3, 96, 'Warto przeczytać.', 5, '2024-04-01 18:30:34', 0),
(490, 3, 97, 'Inspirujący artykuł.', 4, '2024-04-01 18:30:34', 0),
(491, 3, 98, 'Ciekawe wnioski.', 4, '2024-04-01 18:30:34', 0),
(492, 3, 99, 'Zachęcam do przeczytania.', 4, '2024-04-01 18:30:34', 0),
(493, 3, 100, 'Dobrze napisane.', 4, '2024-04-01 18:30:34', 0),
(494, 4, 91, 'Warto zastanowić się nad treścią.', 5, '2024-04-01 18:30:34', 0),
(495, 4, 92, 'Fascynujący tekst.', 4, '2024-04-01 18:30:34', 0),
(496, 4, 93, 'Inspirujący artykuł.', 5, '2024-04-01 18:30:34', 0),
(497, 4, 94, 'Ciekawe spojrzenie na temat.', 4, '2024-04-01 18:30:34', 0),
(498, 4, 95, 'Interesujący punkt widzenia.', 4, '2024-04-01 18:30:34', 0),
(499, 4, 96, 'Warto przeczytać.', 5, '2024-04-01 18:30:34', 0),
(500, 4, 97, 'Ciekawe wnioski.', 4, '2024-04-01 18:30:34', 0),
(501, 4, 98, 'Dobrze napisane.', 5, '2024-04-01 18:30:34', 0),
(502, 4, 99, 'Zachęcam do przeczytania.', 5, '2024-04-01 18:30:34', 0),
(503, 4, 100, 'Fascynujący artykuł.', 4, '2024-04-01 18:30:34', 0),
(504, 5, 91, 'Ciekawa lektura.', 5, '2024-04-01 18:30:34', 0),
(505, 5, 92, 'Warto przeczytać.', 5, '2024-04-01 18:30:34', 0),
(506, 5, 93, 'Inspirujący tekst.', 5, '2024-04-01 18:30:34', 0),
(507, 5, 94, 'Niezłe spojrzenie.', 4, '2024-04-01 18:30:34', 0),
(508, 5, 95, 'Ciekawe wnioski.', 5, '2024-04-01 18:30:34', 0),
(509, 5, 96, 'Zachęcam do przeczytania.', 4, '2024-04-01 18:30:34', 0),
(510, 5, 97, 'Warto się zastanowić.', 5, '2024-04-01 18:30:34', 0),
(511, 5, 98, 'Fascynujący artykuł.', 5, '2024-04-01 18:30:34', 0),
(512, 5, 99, 'Ciekawa analiza.', 5, '2024-04-01 18:30:34', 0),
(513, 5, 100, 'Wspaniała lektura.', 5, '2024-04-01 18:30:34', 0),
(514, 6, 91, 'Fantastyczny artykuł!', 5, '2024-04-01 18:30:34', 0),
(515, 6, 92, 'Bardzo inspirujący.', 4, '2024-04-01 18:30:34', 0),
(516, 6, 93, 'Świetna analiza.', 4, '2024-04-01 18:30:34', 0),
(517, 6, 94, 'Ciekawe wnioski.', 5, '2024-04-01 18:30:34', 0),
(518, 6, 95, 'Warto zastanowić się nad treścią.', 4, '2024-04-01 18:30:34', 0),
(519, 6, 96, 'Inspirujący artykuł.', 5, '2024-04-01 18:30:34', 0),
(520, 6, 97, 'Ciekawa analiza.', 5, '2024-04-01 18:30:34', 0),
(521, 6, 98, 'Warto przeczytać.', 5, '2024-04-01 18:30:34', 0),
(522, 6, 99, 'Intrygujące spojrzenie na temat.', 4, '2024-04-01 18:30:34', 0),
(523, 6, 100, 'Fascynujący tekst.', 4, '2024-04-01 18:30:34', 0),
(524, 7, 91, 'Bardzo interesujący artykuł!', 4, '2024-04-01 18:30:34', 0),
(525, 7, 92, 'Wspaniała lektura.', 5, '2024-04-01 18:30:34', 0),
(526, 7, 93, 'Fantastyczny artykuł!', 4, '2024-04-01 18:30:34', 0),
(527, 7, 94, 'Bardzo inspirujący.', 4, '2024-04-01 18:30:34', 0),
(528, 7, 95, 'Świetna analiza.', 5, '2024-04-01 18:30:34', 0),
(529, 7, 96, 'Zachęcam do przeczytania.', 5, '2024-04-01 18:30:34', 0),
(530, 7, 97, 'Warto przeczytać.', 5, '2024-04-01 18:30:34', 0),
(531, 7, 98, 'Inspirujący tekst.', 4, '2024-04-01 18:30:34', 0),
(532, 7, 99, 'Ciekawy punkt widzenia.', 4, '2024-04-01 18:30:34', 0),
(533, 7, 100, 'Wciągająca lektura.', 4, '2024-04-01 18:30:34', 0),
(537, 1, 17, 'Super artykuł', 5, '2024-04-03 20:13:01', 1),
(540, 2, 17, 'Ok', 5, '2024-05-02 12:07:04', 1),
(553, 8, 91, 'Bardzo interesujący artykuł!', 4, '2024-05-21 21:08:39', 0),
(554, 8, 92, 'Wspaniała lektura.', 5, '2024-05-21 21:08:39', 0),
(555, 8, 93, 'Fantastyczny artykuł!', 4, '2024-05-21 21:08:39', 0),
(556, 8, 94, 'Bardzo inspirujący.', 5, '2024-05-21 21:08:39', 0),
(557, 8, 95, 'Świetna analiza.', 5, '2024-05-21 21:08:39', 0),
(558, 8, 96, 'Zachęcam do przeczytania.', 4, '2024-05-21 21:08:39', 0),
(559, 8, 97, 'Warto przeczytać.', 5, '2024-05-21 21:08:39', 0),
(560, 8, 98, 'Inspirujący tekst.', 4, '2024-05-21 21:08:39', 0),
(561, 8, 99, 'Ciekawy punkt widzenia.', 5, '2024-05-21 21:08:39', 0),
(562, 8, 100, 'Wciągająca lektura.', 5, '2024-05-21 21:08:39', 0),
(563, 9, 91, 'Fascynujący artykuł.', 4, '2024-05-21 21:08:39', 0),
(564, 9, 92, 'Ciekawa analiza.', 5, '2024-05-21 21:08:39', 0),
(565, 9, 93, 'Warto przeczytać.', 4, '2024-05-21 21:08:39', 0),
(566, 9, 94, 'Inspirujące słowa.', 5, '2024-05-21 21:08:39', 0),
(567, 9, 95, 'Niezłe spojrzenie.', 4, '2024-05-21 21:08:39', 0),
(568, 9, 96, 'Ciekawe spojrzenie na temat.', 4, '2024-05-21 21:08:39', 0),
(569, 9, 97, 'Warto przeczytać.', 4, '2024-05-21 21:08:39', 0),
(570, 9, 98, 'Interesujący punkt widzenia.', 4, '2024-05-21 21:08:39', 0),
(571, 9, 99, 'Niezłe spojrzenie.', 5, '2024-05-21 21:08:39', 0),
(572, 9, 100, 'Ciekawe wnioski.', 4, '2024-05-21 21:08:39', 0),
(573, 10, 91, 'Wspaniała analiza.', 4, '2024-05-21 21:08:39', 0),
(574, 10, 92, 'Ciekawe spojrzenie na temat.', 5, '2024-05-21 21:08:39', 0),
(575, 10, 93, 'Interesujące spojrzenie.', 5, '2024-05-21 21:08:39', 0),
(576, 10, 94, 'Intrygujące spojrzenie na temat.', 4, '2024-05-21 21:08:39', 0),
(577, 10, 95, 'Ciekawa analiza.', 4, '2024-05-21 21:08:39', 0),
(578, 10, 96, 'Warto przeczytać.', 4, '2024-05-21 21:08:39', 0),
(579, 10, 97, 'Inspirujący artykuł.', 5, '2024-05-21 21:08:39', 0),
(580, 10, 98, 'Ciekawe wnioski.', 5, '2024-05-21 21:08:39', 0),
(581, 10, 99, 'Zachęcam do przeczytania.', 4, '2024-05-21 21:08:39', 0),
(582, 10, 100, 'Dobrze napisane.', 4, '2024-05-21 21:08:39', 0),
(583, 11, 91, 'Warto zastanowić się nad treścią.', 4, '2024-05-21 21:08:39', 0),
(584, 11, 92, 'Fascynujący tekst.', 5, '2024-05-21 21:08:39', 0),
(585, 11, 93, 'Inspirujący artykuł.', 4, '2024-05-21 21:08:39', 0),
(586, 11, 94, 'Ciekawe spojrzenie na temat.', 4, '2024-05-21 21:08:39', 0),
(587, 11, 95, 'Interesujący punkt widzenia.', 5, '2024-05-21 21:08:39', 0),
(588, 11, 96, 'Warto przeczytać.', 5, '2024-05-21 21:08:39', 0),
(589, 11, 97, 'Ciekawe wnioski.', 4, '2024-05-21 21:08:39', 0),
(590, 11, 98, 'Dobrze napisane.', 4, '2024-05-21 21:08:39', 0),
(591, 11, 99, 'Zachęcam do przeczytania.', 4, '2024-05-21 21:08:39', 0),
(592, 11, 100, 'Fascynujący artykuł.', 5, '2024-05-21 21:08:39', 0),
(593, 8, 81, 'Ciekawy artykuł.', 5, '2024-05-21 21:08:39', 0),
(594, 8, 82, 'Warto przeczytać.', 3, '2024-05-21 21:08:39', 0),
(595, 8, 83, 'Dobrze napisane.', 5, '2024-05-21 21:08:39', 0),
(596, 8, 84, 'Interesujące spojrzenie.', 4, '2024-05-21 21:08:39', 0),
(597, 8, 85, 'Ciekawe wnioski.', 5, '2024-05-21 21:08:39', 0),
(598, 8, 86, 'Zachęcam do przeczytania.', 5, '2024-05-21 21:08:39', 0),
(599, 8, 87, 'Inspirujący tekst.', 3, '2024-05-21 21:08:39', 0),
(600, 8, 88, 'Wciągająca lektura.', 3, '2024-05-21 21:08:39', 0),
(601, 8, 89, 'Warto zastanowić się nad treścią.', 2, '2024-05-21 21:08:39', 0),
(602, 8, 90, 'Przydatne informacje.', 4, '2024-05-21 21:08:39', 0),
(603, 9, 81, 'Intrygujący artykuł.', 1, '2024-05-21 21:08:39', 0),
(604, 9, 82, 'Ciekawe spojrzenie na temat.', 2, '2024-05-21 21:08:39', 0),
(605, 9, 83, 'Warto przeczytać.', 3, '2024-05-21 21:08:39', 0),
(606, 9, 84, 'Inspirujące słowa.', 2, '2024-05-21 21:08:39', 0),
(607, 9, 85, 'Niezłe spojrzenie.', 2, '2024-05-21 21:08:39', 0),
(608, 9, 86, 'Ciekawa analiza.', 1, '2024-05-21 21:08:39', 0),
(609, 9, 87, 'Warto się zastanowić.', 3, '2024-05-21 21:08:39', 0),
(610, 9, 88, 'Przyjemnie się czytało.', 1, '2024-05-21 21:08:39', 0),
(611, 9, 89, 'Fascynujący artykuł.', 4, '2024-05-21 21:08:39', 0),
(612, 9, 90, 'Zachęcam do przeczytania.', 4, '2024-05-21 21:08:39', 0),
(613, 10, 81, 'Ciekawy punkt widzenia.', 2, '2024-05-21 21:08:39', 0),
(614, 10, 82, 'Warto zastanowić się nad treścią.', 2, '2024-05-21 21:08:39', 0),
(615, 10, 83, 'Interesujące spojrzenie na temat.', 1, '2024-05-21 21:08:39', 0),
(616, 10, 84, 'Fascynujący tekst.', 1, '2024-05-21 21:08:39', 0),
(617, 10, 85, 'Ciekawe wnioski.', 2, '2024-05-21 21:08:39', 0),
(618, 10, 86, 'Dobrze napisane.', 5, '2024-05-21 21:08:39', 0),
(619, 10, 87, 'Warto przeczytać.', 2, '2024-05-21 21:08:39', 0),
(620, 10, 88, 'Inspirujący artykuł.', 2, '2024-05-21 21:08:39', 0),
(621, 10, 89, 'Przydatne informacje.', 5, '2024-05-21 21:08:39', 0),
(622, 10, 90, 'Zachęcam do przeczytania.', 4, '2024-05-21 21:08:39', 0),
(623, 11, 81, 'Ciekawa analiza.', 1, '2024-05-21 21:08:39', 0),
(624, 11, 82, 'Warto się zastanowić.', 5, '2024-05-21 21:08:39', 0),
(625, 11, 83, 'Fascynujący tekst.', 3, '2024-05-21 21:08:39', 0),
(626, 11, 84, 'Ciekawe wnioski.', 4, '2024-05-21 21:08:39', 0),
(627, 11, 85, 'Dobrze napisane.', 4, '2024-05-21 21:08:39', 0),
(628, 11, 86, 'Warto przeczytać.', 3, '2024-05-21 21:08:39', 0),
(629, 11, 87, 'Inspirujący artykuł.', 3, '2024-05-21 21:08:39', 0),
(630, 11, 88, 'Ciekawe spojrzenie na temat.', 4, '2024-05-21 21:08:39', 0),
(631, 11, 89, 'Zachęcam do przeczytania.', 3, '2024-05-21 21:08:39', 0),
(632, 11, 90, 'Przyjemnie się czytało.', 5, '2024-05-21 21:08:39', 0),
(633, 8, 71, 'Ciekawy artykuł.', 5, '2024-05-21 21:08:39', 0),
(634, 8, 72, 'Warto przeczytać.', 1, '2024-05-21 21:08:39', 0),
(635, 8, 73, 'Dobrze napisane.', 1, '2024-05-21 21:08:39', 0),
(636, 8, 74, 'Interesujące spojrzenie.', 1, '2024-05-21 21:08:39', 0),
(637, 8, 75, 'Ciekawe wnioski.', 5, '2024-05-21 21:08:39', 0),
(638, 8, 76, 'Zachęcam do przeczytania.', 3, '2024-05-21 21:08:39', 0),
(639, 8, 77, 'Inspirujący tekst.', 1, '2024-05-21 21:08:39', 0),
(640, 8, 78, 'Wciągająca lektura.', 2, '2024-05-21 21:08:39', 0),
(641, 8, 79, 'Warto zastanowić się nad treścią.', 3, '2024-05-21 21:08:39', 0),
(642, 8, 80, 'Przydatne informacje.', 2, '2024-05-21 21:08:39', 0),
(643, 9, 71, 'Intrygujący artykuł.', 4, '2024-05-21 21:08:39', 0),
(644, 9, 72, 'Ciekawe spojrzenie na temat.', 5, '2024-05-21 21:08:39', 0),
(645, 9, 73, 'Warto przeczytać.', 3, '2024-05-21 21:08:39', 0),
(646, 9, 74, 'Inspirujące słowa.', 2, '2024-05-21 21:08:39', 0),
(647, 9, 75, 'Niezłe spojrzenie.', 3, '2024-05-21 21:08:39', 0),
(648, 9, 76, 'Ciekawa analiza.', 2, '2024-05-21 21:08:39', 0),
(649, 9, 77, 'Warto się zastanowić.', 4, '2024-05-21 21:08:39', 0),
(650, 9, 78, 'Przyjemnie się czytało.', 2, '2024-05-21 21:08:39', 0),
(651, 9, 79, 'Fascynujący artykuł.', 3, '2024-05-21 21:08:39', 0),
(652, 9, 80, 'Zachęcam do przeczytania.', 4, '2024-05-21 21:08:39', 0),
(653, 10, 71, 'Ciekawy punkt widzenia.', 5, '2024-05-21 21:08:39', 0),
(654, 10, 72, 'Warto zastanowić się nad treścią.', 1, '2024-05-21 21:08:39', 0),
(655, 10, 73, 'Interesujące spojrzenie na temat.', 4, '2024-05-21 21:08:39', 0),
(656, 10, 74, 'Fascynujący tekst.', 3, '2024-05-21 21:08:39', 0),
(657, 10, 75, 'Ciekawe wnioski.', 1, '2024-05-21 21:08:39', 0),
(658, 10, 76, 'Dobrze napisane.', 3, '2024-05-21 21:08:39', 0),
(659, 10, 77, 'Warto przeczytać.', 1, '2024-05-21 21:08:39', 0),
(660, 10, 78, 'Inspirujący artykuł.', 3, '2024-05-21 21:08:39', 0),
(661, 10, 79, 'Przydatne informacje.', 4, '2024-05-21 21:08:39', 0),
(662, 10, 80, 'Zachęcam do przeczytania.', 3, '2024-05-21 21:08:39', 0),
(663, 11, 71, 'Ciekawa analiza.', 4, '2024-05-21 21:08:39', 0),
(664, 11, 72, 'Warto się zastanowić.', 2, '2024-05-21 21:08:39', 0),
(665, 11, 73, 'Fascynujący tekst.', 1, '2024-05-21 21:08:39', 0),
(666, 11, 74, 'Ciekawe wnioski.', 5, '2024-05-21 21:08:39', 0),
(667, 11, 75, 'Dobrze napisane.', 5, '2024-05-21 21:08:39', 0),
(668, 11, 76, 'Warto przeczytać.', 4, '2024-05-21 21:08:39', 0),
(669, 11, 77, 'Inspirujący artykuł.', 2, '2024-05-21 21:08:39', 0),
(670, 11, 78, 'Ciekawe spojrzenie na temat.', 1, '2024-05-21 21:08:39', 0),
(671, 11, 79, 'Zachęcam do przeczytania.', 3, '2024-05-21 21:08:39', 0),
(672, 11, 80, 'Przyjemnie się czytało.', 1, '2024-05-21 21:08:39', 0),
(673, 8, 61, 'Ciekawy artykuł.', 5, '2024-05-21 21:08:39', 0),
(674, 8, 62, 'Warto przeczytać.', 4, '2024-05-21 21:08:39', 0),
(675, 8, 63, 'Dobrze napisane.', 2, '2024-05-21 21:08:39', 0),
(676, 8, 64, 'Interesujące spojrzenie.', 3, '2024-05-21 21:08:39', 0),
(677, 8, 65, 'Ciekawe wnioski.', 1, '2024-05-21 21:08:39', 0),
(678, 8, 66, 'Zachęcam do przeczytania.', 2, '2024-05-21 21:08:39', 0),
(679, 8, 67, 'Inspirujący tekst.', 3, '2024-05-21 21:08:39', 0),
(680, 8, 68, 'Wciągająca lektura.', 4, '2024-05-21 21:08:39', 0),
(681, 8, 69, 'Warto zastanowić się nad treścią.', 5, '2024-05-21 21:08:39', 0),
(682, 8, 70, 'Przydatne informacje.', 3, '2024-05-21 21:08:39', 0),
(683, 9, 61, 'Intrygujący artykuł.', 4, '2024-05-21 21:08:39', 0),
(684, 9, 62, 'Ciekawe spojrzenie na temat.', 2, '2024-05-21 21:08:39', 0),
(685, 9, 63, 'Warto przeczytać.', 2, '2024-05-21 21:08:39', 0),
(686, 9, 64, 'Inspirujące słowa.', 4, '2024-05-21 21:08:39', 0),
(687, 9, 65, 'Niezłe spojrzenie.', 4, '2024-05-21 21:08:39', 0),
(688, 9, 66, 'Ciekawa analiza.', 3, '2024-05-21 21:08:39', 0),
(689, 9, 67, 'Warto się zastanowić.', 2, '2024-05-21 21:08:39', 0),
(690, 9, 68, 'Przyjemnie się czytało.', 4, '2024-05-21 21:08:39', 0),
(691, 9, 69, 'Fascynujący artykuł.', 3, '2024-05-21 21:08:39', 0),
(692, 9, 70, 'Zachęcam do przeczytania.', 2, '2024-05-21 21:08:39', 0),
(693, 10, 61, 'Ciekawy punkt widzenia.', 5, '2024-05-21 21:08:39', 0),
(694, 10, 62, 'Warto zastanowić się nad treścią.', 5, '2024-05-21 21:08:39', 0),
(695, 10, 63, 'Interesujące spojrzenie na temat.', 5, '2024-05-21 21:08:39', 0),
(696, 10, 64, 'Fascynujący tekst.', 1, '2024-05-21 21:08:39', 0),
(697, 10, 65, 'Ciekawe wnioski.', 2, '2024-05-21 21:08:39', 0),
(698, 10, 66, 'Dobrze napisane.', 1, '2024-05-21 21:08:39', 0),
(699, 10, 67, 'Warto przeczytać.', 1, '2024-05-21 21:08:39', 0),
(700, 10, 68, 'Inspirujący artykuł.', 3, '2024-05-21 21:08:39', 0),
(701, 10, 69, 'Przydatne informacje.', 4, '2024-05-21 21:08:39', 0),
(702, 10, 70, 'Zachęcam do przeczytania.', 1, '2024-05-21 21:08:39', 0),
(703, 11, 61, 'Ciekawa analiza.', 3, '2024-05-21 21:08:39', 0),
(704, 11, 62, 'Warto się zastanowić.', 5, '2024-05-21 21:08:39', 0),
(705, 11, 63, 'Fascynujący tekst.', 5, '2024-05-21 21:08:39', 0),
(706, 11, 64, 'Ciekawe wnioski.', 1, '2024-05-21 21:08:39', 0),
(707, 11, 65, 'Dobrze napisane.', 1, '2024-05-21 21:08:39', 0),
(708, 11, 66, 'Warto przeczytać.', 3, '2024-05-21 21:08:39', 0),
(709, 11, 67, 'Inspirujący artykuł.', 4, '2024-05-21 21:08:39', 0),
(710, 11, 68, 'Ciekawe spojrzenie na temat.', 5, '2024-05-21 21:08:39', 0),
(711, 11, 69, 'Zachęcam do przeczytania.', 4, '2024-05-21 21:08:39', 0),
(712, 11, 70, 'Przyjemnie się czytało.', 5, '2024-05-21 21:08:39', 0),
(713, 8, 51, 'Ciekawy artykuł.', 1, '2024-05-21 21:08:39', 0),
(714, 8, 52, 'Warto przeczytać.', 1, '2024-05-21 21:08:39', 0),
(715, 8, 53, 'Dobrze napisane.', 2, '2024-05-21 21:08:39', 0),
(716, 8, 54, 'Interesujące spojrzenie.', 1, '2024-05-21 21:08:39', 0),
(717, 8, 55, 'Ciekawe wnioski.', 4, '2024-05-21 21:08:39', 0),
(718, 8, 56, 'Zachęcam do przeczytania.', 4, '2024-05-21 21:08:39', 0),
(719, 8, 57, 'Inspirujący tekst.', 4, '2024-05-21 21:08:39', 0),
(720, 8, 58, 'Wciągająca lektura.', 3, '2024-05-21 21:08:39', 0),
(721, 8, 59, 'Warto zastanowić się nad treścią.', 3, '2024-05-21 21:08:39', 0),
(722, 8, 60, 'Przydatne informacje.', 2, '2024-05-21 21:08:39', 0),
(723, 9, 51, 'Intrygujący artykuł.', 4, '2024-05-21 21:08:39', 0),
(724, 9, 52, 'Ciekawe spojrzenie na temat.', 3, '2024-05-21 21:08:39', 0),
(725, 9, 53, 'Warto przeczytać.', 2, '2024-05-21 21:08:39', 0),
(726, 9, 54, 'Inspirujące słowa.', 2, '2024-05-21 21:08:39', 0),
(727, 9, 55, 'Niezłe spojrzenie.', 4, '2024-05-21 21:08:39', 0),
(728, 9, 56, 'Ciekawa analiza.', 2, '2024-05-21 21:08:39', 0),
(729, 9, 57, 'Warto się zastanowić.', 3, '2024-05-21 21:08:39', 0),
(730, 9, 58, 'Przyjemnie się czytało.', 5, '2024-05-21 21:08:39', 0),
(731, 9, 59, 'Fascynujący artykuł.', 5, '2024-05-21 21:08:39', 0),
(732, 9, 60, 'Zachęcam do przeczytania.', 2, '2024-05-21 21:08:39', 0),
(733, 10, 51, 'Ciekawy punkt widzenia.', 1, '2024-05-21 21:08:39', 0),
(734, 10, 52, 'Warto zastanowić się nad treścią.', 5, '2024-05-21 21:08:39', 0),
(735, 10, 53, 'Interesujące spojrzenie na temat.', 1, '2024-05-21 21:08:39', 0),
(736, 10, 54, 'Fascynujący tekst.', 1, '2024-05-21 21:08:39', 0),
(737, 10, 55, 'Ciekawe wnioski.', 5, '2024-05-21 21:08:39', 0),
(738, 10, 56, 'Dobrze napisane.', 3, '2024-05-21 21:08:39', 0),
(739, 10, 57, 'Warto przeczytać.', 4, '2024-05-21 21:08:39', 0),
(740, 10, 58, 'Inspirujący artykuł.', 2, '2024-05-21 21:08:39', 0),
(741, 10, 59, 'Przydatne informacje.', 4, '2024-05-21 21:08:39', 0),
(742, 10, 60, 'Zachęcam do przeczytania.', 1, '2024-05-21 21:08:39', 0),
(743, 11, 51, 'Ciekawa analiza.', 2, '2024-05-21 21:08:39', 0),
(744, 11, 52, 'Warto się zastanowić.', 5, '2024-05-21 21:08:39', 0),
(745, 11, 53, 'Fascynujący tekst.', 2, '2024-05-21 21:08:39', 0),
(746, 11, 54, 'Ciekawe wnioski.', 3, '2024-05-21 21:08:39', 0),
(747, 11, 55, 'Dobrze napisane.', 2, '2024-05-21 21:08:39', 0),
(748, 11, 56, 'Warto przeczytać.', 5, '2024-05-21 21:08:39', 0),
(749, 11, 57, 'Inspirujący artykuł.', 4, '2024-05-21 21:08:39', 0),
(750, 11, 58, 'Ciekawe spojrzenie na temat.', 4, '2024-05-21 21:08:39', 0),
(751, 11, 59, 'Zachęcam do przeczytania.', 5, '2024-05-21 21:08:39', 0),
(752, 11, 60, 'Przyjemnie się czytało.', 4, '2024-05-21 21:08:39', 0),
(753, 8, 41, 'Bardzo ciekawy artykuł!', 3, '2024-05-21 21:08:39', 0),
(754, 8, 42, 'Interesujące spojrzenie na temat.', 5, '2024-05-21 21:08:39', 0),
(755, 8, 43, 'Świetnie napisany tekst.', 3, '2024-05-21 21:08:39', 0),
(756, 8, 44, 'Intrygujące spojrzenie na zagadnienie.', 2, '2024-05-21 21:08:39', 0),
(757, 8, 45, 'Ciekawa analiza.', 2, '2024-05-21 21:08:39', 0),
(758, 8, 46, 'Ciekawy punkt widzenia.', 3, '2024-05-21 21:08:39', 0),
(759, 8, 47, 'Wartościowa lektura.', 4, '2024-05-21 21:08:39', 0),
(760, 8, 48, 'Zachęcam do przeczytania.', 5, '2024-05-21 21:08:39', 0),
(761, 8, 49, 'Niezłe spojrzenie na temat.', 1, '2024-05-21 21:08:39', 0),
(762, 8, 50, 'Przyjemnie się czytało.', 2, '2024-05-21 21:08:39', 0),
(763, 9, 41, 'Warto przeczytać.', 5, '2024-05-21 21:08:39', 0),
(764, 9, 42, 'Bardzo pouczające.', 5, '2024-05-21 21:08:39', 0),
(765, 9, 43, 'Ciekawa lektura.', 3, '2024-05-21 21:08:39', 0),
(766, 9, 44, 'Fascynujący artykuł.', 3, '2024-05-21 21:08:39', 0),
(767, 9, 45, 'Wspaniale napisane.', 2, '2024-05-21 21:08:39', 0),
(768, 9, 46, 'Intrygująca tematyka.', 4, '2024-05-21 21:08:39', 0),
(769, 9, 47, 'Ciekawy punkt widzenia.', 5, '2024-05-21 21:08:39', 0),
(770, 9, 48, 'Wciągająca lektura.', 3, '2024-05-21 21:08:39', 0),
(771, 9, 49, 'Zachęcam do przeczytania.', 1, '2024-05-21 21:08:39', 0),
(772, 9, 50, 'Niezłe spojrzenie na temat.', 3, '2024-05-21 21:08:39', 0),
(773, 10, 41, 'Warto zastanowić się nad tym tekstem.', 3, '2024-05-21 21:08:39', 0),
(774, 10, 42, 'Inspirujące słowa.', 5, '2024-05-21 21:08:39', 0),
(775, 10, 43, 'Ciekawe spojrzenie na problem.', 3, '2024-05-21 21:08:39', 0),
(776, 10, 44, 'Przydatne informacje.', 1, '2024-05-21 21:08:39', 0),
(777, 10, 45, 'Warto przemyśleć.', 1, '2024-05-21 21:08:39', 0),
(778, 10, 46, 'Interesujący temat.', 1, '2024-05-21 21:08:39', 0),
(779, 10, 47, 'Ciekawa analiza.', 2, '2024-05-21 21:08:39', 0),
(780, 10, 48, 'Warto się zastanowić.', 5, '2024-05-21 21:08:39', 0),
(781, 10, 49, 'Zachęcam do przeczytania.', 2, '2024-05-21 21:08:39', 0),
(782, 10, 50, 'Niezłe spojrzenie na temat.', 2, '2024-05-21 21:08:39', 0),
(783, 11, 41, 'Warto przeczytać.', 4, '2024-05-21 21:08:39', 0),
(784, 11, 42, 'Bardzo pouczające.', 3, '2024-05-21 21:08:39', 0),
(785, 11, 43, 'Ciekawa lektura.', 2, '2024-05-21 21:08:39', 0),
(786, 11, 44, 'Fascynujący artykuł.', 5, '2024-05-21 21:08:39', 0),
(787, 11, 45, 'Wspaniale napisane.', 3, '2024-05-21 21:08:39', 0),
(788, 11, 46, 'Intrygująca tematyka.', 5, '2024-05-21 21:08:39', 0),
(789, 11, 47, 'Ciekawy punkt widzenia.', 5, '2024-05-21 21:08:39', 0),
(790, 11, 48, 'Wciągająca lektura.', 2, '2024-05-21 21:08:39', 0),
(791, 11, 49, 'Zachęcam do przeczytania.', 1, '2024-05-21 21:08:39', 0),
(792, 11, 50, 'Niezłe spojrzenie na temat.', 5, '2024-05-21 21:08:39', 0),
(793, 11, 17, 'Super uwielbiam F1 !!!', 5, '2024-05-21 21:10:26', 1),
(794, 9, 17, 'Super !', 5, '2024-05-21 21:11:08', 0);

-- --------------------------------------------------------

--
-- Struktura tabeli dla tabeli `users`
--

CREATE TABLE `users` (
  `UserId` int(11) NOT NULL,
  `userName` varchar(30) DEFAULT NULL,
  `pass` text DEFAULT NULL,
  `reg_date` date DEFAULT current_timestamp(),
  `token_key` varchar(255) DEFAULT NULL,
  `token_value` varchar(255) DEFAULT NULL
) ENGINE=InnoDB DEFAULT CHARSET=utf16 COLLATE=utf16_polish_ci;

--
-- Zrzut danych tabeli `users`
--

INSERT INTO `users` (`UserId`, `userName`, `pass`, `reg_date`, `token_key`, `token_value`) VALUES
(17, 'KacperStęp', '$2y$10$M5giqUnHm1DDxgq1UTOmhOWKyI3KVPTFl9OibxehWviEp2/yHguiW', '2023-12-28', 'c20d1861e3fdee8b0f74b9f001d124f53566e6373a61936032c43a4ca6e8e954', '01a64f22904d5587ce6cdbc9a9323116d7742ab06fd66a7029712f364a4129f1'),
(19, 'Milos', '$2y$10$VgDFfQz6D6usSMywsbpHQe9YaZywgZ5ZG.qJQQy2ZWVzK/SXfzARm', '2023-12-28', 'c8217c26b236a7ec620abedafb72046a166bc298445c79e07d7ca7140eec6e30', '01a64f22904d5587ce6cdbc9a9323116d7742ab06fd66a7029712f364a4129f1'),
(41, 'JanKowalski', '$2y$10$M5giqUnHm1DDxgq1UTOmhOWKyI3KVPTFl9OibxehWviEp2/yHguiW', '2024-04-01', '0285e9aa6e9a6a63284f24e2be401c4b552385fd772273b6f74dd874b6ce90ee', '01a64f22904d5587ce6cdbc9a9323116d7742ab06fd66a7029712f364a4129f1'),
(42, 'AnnaNowak', '$2y$10$VgDFfQz6D6usSMywsbpHQe9YaZywgZ5ZG.qJQQy2ZWVzK/SXfzARm', '2024-04-01', NULL, NULL),
(43, 'PiotrZając', '$2y$10$VgDFfQz6D6usSMywsbpHQe9YaZywgZ5ZG.qJQQy2ZWVzK/SXfzARm', '2024-04-01', NULL, NULL),
(44, 'KatarzynaWi', '$2y$10$VgDFfQz6D6usSMywsbpHQe9YaZywgZ5ZG.qJQQy2ZWVzK/SXfzARm', '2024-04-01', '609258400eac1b4ef91019a45d52683a36ebd1ecb2d96eb10c1a5295c31ae8e8', '01a64f22904d5587ce6cdbc9a9323116d7742ab06fd66a7029712f364a4129f1'),
(45, 'AndrzejDąbr', '$2y$10$VgDFfQz6D6usSMywsbpHQe9YaZywgZ5ZG.qJQQy2ZWVzK/SXfzARm', '2024-04-01', '96778c1a95988f4fe90c93e59741b0cfd00fbb28e864b9ea842b977ba13f170d', '01a64f22904d5587ce6cdbc9a9323116d7742ab06fd66a7029712f364a4129f1'),
(46, 'EwaKamińska', '$2y$10$VgDFfQz6D6usSMywsbpHQe9YaZywgZ5ZG.qJQQy2ZWVzK/SXfzARm', '2024-04-01', NULL, NULL),
(47, 'MarekLewand', '$2y$10$VgDFfQz6D6usSMywsbpHQe9YaZywgZ5ZG.qJQQy2ZWVzK/SXfzARm', '2024-04-01', NULL, NULL),
(48, 'AleksandraW', '$2y$10$VgDFfQz6D6usSMywsbpHQe9YaZywgZ5ZG.qJQQy2ZWVzK/SXfzARm', '2024-04-01', NULL, NULL),
(49, 'TomaszKowal', '$2y$10$VgDFfQz6D6usSMywsbpHQe9YaZywgZ5ZG.qJQQy2ZWVzK/SXfzARm', '2024-04-01', NULL, NULL),
(50, 'AgnieszkaKa', '$2y$10$VgDFfQz6D6usSMywsbpHQe9YaZywgZ5ZG.qJQQy2ZWVzK/SXfzARm', '2024-04-01', NULL, NULL),
(51, 'KrzysztofKo', '$2y$10$VgDFfQz6D6usSMywsbpHQe9YaZywgZ5ZG.qJQQy2ZWVzK/SXfzARm', '2024-04-01', NULL, NULL),
(52, 'MałgorzataW', '$2y$10$VgDFfQz6D6usSMywsbpHQe9YaZywgZ5ZG.qJQQy2ZWVzK/SXfzARm', '2024-04-01', NULL, NULL),
(53, 'PawełKaczma', '$2y$10$VgDFfQz6D6usSMywsbpHQe9YaZywgZ5ZG.qJQQy2ZWVzK/SXfzARm', '2024-04-01', NULL, NULL),
(54, 'KarolinaDud', '$2y$10$VgDFfQz6D6usSMywsbpHQe9YaZywgZ5ZG.qJQQy2ZWVzK/SXfzARm', '2024-04-01', NULL, NULL),
(55, 'RafałJabłoń', '$2y$10$VgDFfQz6D6usSMywsbpHQe9YaZywgZ5ZG.qJQQy2ZWVzK/SXfzARm', '2024-04-01', NULL, NULL),
(56, 'NataliaNowa', '$2y$10$VgDFfQz6D6usSMywsbpHQe9YaZywgZ5ZG.qJQQy2ZWVzK/SXfzARm', '2024-04-01', NULL, NULL),
(57, 'MichałWiecz', '$2y$10$VgDFfQz6D6usSMywsbpHQe9YaZywgZ5ZG.qJQQy2ZWVzK/SXfzARm', '2024-04-01', NULL, NULL),
(58, 'MagdalenaJa', '$2y$10$VgDFfQz6D6usSMywsbpHQe9YaZywgZ5ZG.qJQQy2ZWVzK/SXfzARm', '2024-04-01', NULL, NULL),
(59, 'KamilAdamcz', '$2y$10$VgDFfQz6D6usSMywsbpHQe9YaZywgZ5ZG.qJQQy2ZWVzK/SXfzARm', '2024-04-01', NULL, NULL),
(60, 'WeronikaPio', '$2y$10$VgDFfQz6D6usSMywsbpHQe9YaZywgZ5ZG.qJQQy2ZWVzK/SXfzARm', '2024-04-01', NULL, NULL),
(61, 'RobertGrabo', '$2y$10$VgDFfQz6D6usSMywsbpHQe9YaZywgZ5ZG.qJQQy2ZWVzK/SXfzARm', '2024-04-01', NULL, NULL),
(62, 'EwelinaMarc', '$2y$10$VgDFfQz6D6usSMywsbpHQe9YaZywgZ5ZG.qJQQy2ZWVzK/SXfzARm', '2024-04-01', NULL, NULL),
(63, 'GrzegorzZaj', '$2y$10$VgDFfQz6D6usSMywsbpHQe9YaZywgZ5ZG.qJQQy2ZWVzK/SXfzARm', '2024-04-01', NULL, NULL),
(64, 'PatrycjaSik', '$2y$10$VgDFfQz6D6usSMywsbpHQe9YaZywgZ5ZG.qJQQy2ZWVzK/SXfzARm', '2024-04-01', NULL, NULL),
(65, 'ArkadiuszOl', '$2y$10$VgDFfQz6D6usSMywsbpHQe9YaZywgZ5ZG.qJQQy2ZWVzK/SXfzARm', '2024-04-01', NULL, NULL),
(66, 'NataliaBara', '$2y$10$VgDFfQz6D6usSMywsbpHQe9YaZywgZ5ZG.qJQQy2ZWVzK/SXfzARm', '2024-04-01', NULL, NULL),
(67, 'TomaszPawla', '$2y$10$VgDFfQz6D6usSMywsbpHQe9YaZywgZ5ZG.qJQQy2ZWVzK/SXfzARm', '2024-04-01', NULL, NULL),
(68, 'MonikaSikor', '$2y$10$VgDFfQz6D6usSMywsbpHQe9YaZywgZ5ZG.qJQQy2ZWVzK/SXfzARm', '2024-04-01', NULL, NULL),
(69, 'ArturSzewcz', '$2y$10$VgDFfQz6D6usSMywsbpHQe9YaZywgZ5ZG.qJQQy2ZWVzK/SXfzARm', '2024-04-01', NULL, NULL),
(70, 'JoannaLis', '$2y$10$VgDFfQz6D6usSMywsbpHQe9YaZywgZ5ZG.qJQQy2ZWVzK/SXfzARm', '2024-04-01', NULL, NULL),
(71, 'MateuszZale', '$2y$10$VgDFfQz6D6usSMywsbpHQe9YaZywgZ5ZG.qJQQy2ZWVzK/SXfzARm', '2024-04-01', NULL, NULL),
(72, 'DominikaKoz', '$2y$10$VgDFfQz6D6usSMywsbpHQe9YaZywgZ5ZG.qJQQy2ZWVzK/SXfzARm', '2024-04-01', NULL, NULL),
(73, 'KacperNowak', '$2y$10$VgDFfQz6D6usSMywsbpHQe9YaZywgZ5ZG.qJQQy2ZWVzK/SXfzARm', '2024-04-01', NULL, NULL),
(74, 'MartynaWojc', '$2y$10$VgDFfQz6D6usSMywsbpHQe9YaZywgZ5ZG.qJQQy2ZWVzK/SXfzARm', '2024-04-01', NULL, NULL),
(75, 'ŁukaszDuda', '$2y$10$VgDFfQz6D6usSMywsbpHQe9YaZywgZ5ZG.qJQQy2ZWVzK/SXfzARm', '2024-04-01', NULL, NULL),
(76, 'SylwiaPawla', '$2y$10$VgDFfQz6D6usSMywsbpHQe9YaZywgZ5ZG.qJQQy2ZWVzK/SXfzARm', '2024-04-01', NULL, NULL),
(77, 'AdrianWitko', '$2y$10$VgDFfQz6D6usSMywsbpHQe9YaZywgZ5ZG.qJQQy2ZWVzK/SXfzARm', '2024-04-01', NULL, NULL),
(78, 'JustynaWalc', '$2y$10$VgDFfQz6D6usSMywsbpHQe9YaZywgZ5ZG.qJQQy2ZWVzK/SXfzARm', '2024-04-01', NULL, NULL),
(79, 'PiotrSobczy', '$2y$10$VgDFfQz6D6usSMywsbpHQe9YaZywgZ5ZG.qJQQy2ZWVzK/SXfzARm', '2024-04-01', NULL, NULL),
(80, 'KatarzynaBa', '$2y$10$VgDFfQz6D6usSMywsbpHQe9YaZywgZ5ZG.qJQQy2ZWVzK/SXfzARm', '2024-04-01', NULL, NULL),
(81, 'DanielKrawc', '$2y$10$VgDFfQz6D6usSMywsbpHQe9YaZywgZ5ZG.qJQQy2ZWVzK/SXfzARm', '2024-04-01', NULL, NULL),
(82, 'AgataSadows', '$2y$10$VgDFfQz6D6usSMywsbpHQe9YaZywgZ5ZG.qJQQy2ZWVzK/SXfzARm', '2024-04-01', NULL, NULL),
(83, 'MaciejBaran', '$2y$10$VgDFfQz6D6usSMywsbpHQe9YaZywgZ5ZG.qJQQy2ZWVzK/SXfzARm', '2024-04-01', NULL, NULL),
(84, 'MonikaLipiń', '$2y$10$VgDFfQz6D6usSMywsbpHQe9YaZywgZ5ZG.qJQQy2ZWVzK/SXfzARm', '2024-04-01', NULL, NULL),
(85, 'GrzegorzSze', '$2y$10$VgDFfQz6D6usSMywsbpHQe9YaZywgZ5ZG.qJQQy2ZWVzK/SXfzARm', '2024-04-01', NULL, NULL),
(86, 'KlaudiaZają', '$2y$10$VgDFfQz6D6usSMywsbpHQe9YaZywgZ5ZG.qJQQy2ZWVzK/SXfzARm', '2024-04-01', NULL, NULL),
(87, 'DamianKozło', '$2y$10$VgDFfQz6D6usSMywsbpHQe9YaZywgZ5ZG.qJQQy2ZWVzK/SXfzARm', '2024-04-01', NULL, NULL),
(88, 'MartynaJabł', '$2y$10$VgDFfQz6D6usSMywsbpHQe9YaZywgZ5ZG.qJQQy2ZWVzK/SXfzARm', '2024-04-01', NULL, NULL),
(89, 'ŁukaszNowak', '$2y$10$VgDFfQz6D6usSMywsbpHQe9YaZywgZ5ZG.qJQQy2ZWVzK/SXfzARm', '2024-04-01', NULL, NULL),
(90, 'JanK', '$2y$10$M5giqUnHm1DDxgq1UTOmhOWKyI3KVPTFl9OibxehWviEp2/yHguiW', '2024-04-01', NULL, NULL),
(91, 'PolskiMocarz', '$2y$10$VgDFfQz6D6usSMywsbpHQe9YaZywgZ5ZG.qJQQy2ZWVzK/SXfzARm', '2024-04-01', NULL, NULL),
(92, 'Destroyer', '$2y$10$VgDFfQz6D6usSMywsbpHQe9YaZywgZ5ZG.qJQQy2ZWVzK/SXfzARm', '2024-04-01', NULL, NULL),
(93, 'Big G', '$2y$10$VgDFfQz6D6usSMywsbpHQe9YaZywgZ5ZG.qJQQy2ZWVzK/SXfzARm', '2024-04-01', NULL, NULL),
(94, 'Porsche', '$2y$10$VgDFfQz6D6usSMywsbpHQe9YaZywgZ5ZG.qJQQy2ZWVzK/SXfzARm', '2024-04-01', NULL, NULL),
(95, 'User', '$2y$10$VgDFfQz6D6usSMywsbpHQe9YaZywgZ5ZG.qJQQy2ZWVzK/SXfzARm', '2024-04-01', NULL, NULL),
(96, 'JPowsinoga', '$2y$10$VgDFfQz6D6usSMywsbpHQe9YaZywgZ5ZG.qJQQy2ZWVzK/SXfzARm', '2024-04-01', 'e795ae19828ded59c706eec772a04b6d6562fe8a4042d3c4380dbcf1ae18d642', '01a64f22904d5587ce6cdbc9a9323116d7742ab06fd66a7029712f364a4129f1'),
(97, 'AleksandraW', '$2y$10$VgDFfQz6D6usSMywsbpHQe9YaZywgZ5ZG.qJQQy2ZWVzK/SXfzARm', '2024-04-01', NULL, NULL),
(98, 'TomaszKowal', '$2y$10$VgDFfQz6D6usSMywsbpHQe9YaZywgZ5ZG.qJQQy2ZWVzK/SXfzARm', '2024-04-01', NULL, NULL),
(99, 'AgnieszkaKa', '$2y$10$VgDFfQz6D6usSMywsbpHQe9YaZywgZ5ZG.qJQQy2ZWVzK/SXfzARm', '2024-04-01', NULL, NULL),
(100, 'KrzysztofKo', '$2y$10$VgDFfQz6D6usSMywsbpHQe9YaZywgZ5ZG.qJQQy2ZWVzK/SXfzARm', '2024-04-01', NULL, NULL);

-- --------------------------------------------------------

--
-- Struktura tabeli dla tabeli `usersinfo`
--

CREATE TABLE `usersinfo` (
  `InfoId` int(11) NOT NULL,
  `UserId` int(11) DEFAULT NULL,
  `ProfileImageId` int(2) NOT NULL DEFAULT 1,
  `realName` varchar(150) DEFAULT NULL,
  `surname` varchar(150) DEFAULT NULL,
  `email` varchar(200) DEFAULT NULL,
  `privileges` tinyint(1) NOT NULL DEFAULT 0
) ENGINE=InnoDB DEFAULT CHARSET=utf8mb4 COLLATE=utf8mb4_general_ci;

--
-- Zrzut danych tabeli `usersinfo`
--

INSERT INTO `usersinfo` (`InfoId`, `UserId`, `ProfileImageId`, `realName`, `surname`, `email`, `privileges`) VALUES
(11, 17, 3, 'Kacper', 'Stępień', 'k.stepien@zsp9.elodz.edu.pl', 1),
(13, 19, 1, 'jasper', 'fsdfds', '222@gmail.com', 1),
(94, 41, 1, 'Jan', 'Kowalski', 'jan.kowalski@gmail.com', 0),
(95, 42, 5, 'Anna', 'Nowak', 'anna.nowak@gmail.com', 0),
(96, 43, 6, 'Piotr', 'Zając', 'piotr.zajac@gmail.com', 0),
(97, 44, 3, 'Katarzyna', 'Wiśniewska', 'katarzyna.wisniewska@gmail.com', 0),
(98, 45, 9, 'Andrzej', 'Dąbrowski', 'andrzej.dabrowski@gmail.com', 0),
(99, 46, 5, 'Ewa', 'Kamińska', 'ewa.kaminska@gmail.com', 0),
(100, 47, 9, 'Marek', 'Lewandowski', 'marek.lewandowski@gmail.com', 0),
(101, 48, 3, 'Aleksandra', 'Woźniak', 'aleksandra.wozniak@gmail.com', 0),
(102, 49, 3, 'Tomasz', 'Kowalczyk', 'tomasz.kowalczyk@gmail.com', 0),
(103, 50, 5, 'Agnieszka', 'Kamińska', 'agnieszka.kaminska@gmail.com', 0),
(104, 51, 9, 'Krzysztof', 'Kowalski', 'krzysztof.kowalski@gmail.com', 0),
(105, 52, 9, 'Małgorzata', 'Wojciechowska', 'malgorzata.wojciechowska@gmail.com', 0),
(106, 53, 7, 'Paweł', 'Kaczmarek', 'pawel.kaczmarek@gmail.com', 0),
(107, 54, 2, 'Karolina', 'Dudek', 'karolina.dudek@gmail.com', 0),
(108, 55, 6, 'Rafał', 'Jabłoński', 'rafal.jablonski@gmail.com', 0),
(109, 56, 5, 'Natalia', 'Nowakowska', 'natalia.nowakowska@gmail.com', 0),
(110, 57, 6, 'Michał', 'Wieczorek', 'michal.wieczorek@gmail.com', 0),
(111, 58, 6, 'Magdalena', 'Jaworska', 'magdalena.jaworska@gmail.com', 0),
(112, 59, 4, 'Kamil', 'Adamczyk', 'kamil.adamczyk@gmail.com', 0),
(113, 60, 1, 'Weronika', 'Piotrowska', 'weronika.piotrowska@gmail.com', 0),
(114, 61, 3, 'Robert', 'Grabowski', 'robert.grabowski@gmail.com', 0),
(115, 62, 8, 'Ewelina', 'Marciniak', 'ewelina.marciniak@gmail.com', 0),
(116, 63, 7, 'Grzegorz', 'Zając', 'grzegorz.zajac@gmail.com', 0),
(117, 64, 7, 'Patrycja', 'Sikora', 'patrycja.sikora@gmail.com', 0),
(118, 65, 7, 'Arkadiusz', 'Olszewski', 'arkadiusz.olszewski@gmail.com', 0),
(119, 66, 2, 'Natalia', 'Baran', 'natalia.baran@gmail.com', 0),
(120, 67, 6, 'Tomasz', 'Pawlak', 'tomasz.pawlak@gmail.com', 0),
(121, 68, 9, 'Monika', 'Sikorska', 'monika.sikorska@gmail.com', 0),
(122, 69, 5, 'Artur', 'Szewczyk', 'artur.szewczyk@gmail.com', 0),
(123, 70, 8, 'Joanna', 'Lis', 'joanna.lis@gmail.com', 0),
(124, 71, 6, 'Mateusz', 'Zalewski', 'mateusz.zalewski@gmail.com', 0),
(125, 72, 8, 'Dominika', 'Kozłowska', 'dominika.kozlowska@gmail.com', 0),
(126, 73, 1, 'Kacper', 'Nowakowski', 'kacper.nowakowski@gmail.com', 0),
(127, 74, 9, 'Martyna', 'Wojcik', 'martyna.wojcik@gmail.com', 0),
(128, 75, 6, 'Łukasz', 'Duda', 'lukasz.duda@gmail.com', 0),
(129, 76, 3, 'Sylwia', 'Pawlak', 'sylwia.pawlak@gmail.com', 0),
(130, 77, 4, 'Adrian', 'Witkowski', 'adrian.witkowski@gmail.com', 0),
(131, 78, 1, 'Justyna', 'Walczak', 'justyna.walczak@gmail.com', 0),
(132, 79, 9, 'Piotr', 'Sobczyk', 'piotr.sobczyk@gmail.com', 0),
(133, 80, 8, 'Katarzyna', 'Baranowska', 'katarzyna.baranowska@gmail.com', 0),
(134, 81, 3, 'Daniel', 'Krawczyk', 'daniel.krawczyk@gmail.com', 0),
(135, 82, 8, 'Agata', 'Sadowska', 'agata.sadowska@gmail.com', 0),
(136, 83, 4, 'Maciej', 'Baranowski', 'maciej.baranowski@gmail.com', 0),
(137, 84, 4, 'Monika', 'Lipińska', 'monika.lipinska@gmail.com', 0),
(138, 85, 8, 'Grzegorz', 'Szewczyk', 'grzegorz.szewczyk@gmail.com', 0),
(139, 86, 2, 'Klaudia', 'Zając', 'klaudia.zajac@gmail.com', 0),
(140, 87, 4, 'Damian', 'Kozłowski', 'damian.kozlowski@gmail.com', 0),
(141, 88, 2, 'Martyna', 'Jabłońska', 'martyna.jablonska@gmail.com', 0),
(142, 89, 6, 'Łukasz', 'Nowakowski', 'lukasz.nowakowski@gmail.com', 0),
(143, 90, 7, 'Jan', 'Kowalski2', 'jan.kowalski2@gmail.com', 0),
(144, 91, 8, 'Gabriela', 'Grabowska', 'gabriela.grabowska@gmail.com', 0),
(145, 92, 8, 'Jan', 'Kaczmarek', 'jan.kaczmarek@gmail.com', 0),
(146, 93, 7, 'Patryk', 'Piotrowski', 'patryk.piotrowski@gmail.com', 0),
(147, 94, 3, 'Aleksandra', 'Jaworska', 'aleksandra.jaworska@gmail.com', 0),
(148, 95, 3, 'Krzysztof', 'Sikora', 'krzysztof.sikora@gmail.com', 0),
(149, 96, 6, 'Janek', 'Powsinoga', 'janek.powsinoga@gmail.com', 0),
(150, 97, 2, 'Kamil', 'Mazur', 'kamil.mazur@gmail.com', 0),
(151, 98, 8, 'Julia', 'Kwiatkowska', 'julia.kwiatkowska@gmail.com', 0),
(152, 99, 6, 'Bartosz', 'Wójcik', 'bartosz.wojcik@gmail.com', 0),
(153, 100, 8, 'Nikola', 'Kaczmarek', 'nikola.kaczmarek@gmail.com', 0);

--
-- Indeksy dla zrzutów tabel
--

--
-- Indeksy dla tabeli `article`
--
ALTER TABLE `article`
  ADD PRIMARY KEY (`articleId`);

--
-- Indeksy dla tabeli `opinions`
--
ALTER TABLE `opinions`
  ADD PRIMARY KEY (`opinionId`),
  ADD KEY `articleId` (`articleId`),
  ADD KEY `userId` (`userId`);

--
-- Indeksy dla tabeli `users`
--
ALTER TABLE `users`
  ADD PRIMARY KEY (`UserId`);

--
-- Indeksy dla tabeli `usersinfo`
--
ALTER TABLE `usersinfo`
  ADD PRIMARY KEY (`InfoId`),
  ADD KEY `UserId` (`UserId`);

--
-- AUTO_INCREMENT dla zrzuconych tabel
--

--
-- AUTO_INCREMENT dla tabeli `opinions`
--
ALTER TABLE `opinions`
  MODIFY `opinionId` int(11) NOT NULL AUTO_INCREMENT, AUTO_INCREMENT=795;

--
-- AUTO_INCREMENT dla tabeli `users`
--
ALTER TABLE `users`
  MODIFY `UserId` int(11) NOT NULL AUTO_INCREMENT, AUTO_INCREMENT=141;

--
-- AUTO_INCREMENT dla tabeli `usersinfo`
--
ALTER TABLE `usersinfo`
  MODIFY `InfoId` int(11) NOT NULL AUTO_INCREMENT, AUTO_INCREMENT=156;

--
-- Ograniczenia dla zrzutów tabel
--

--
-- Ograniczenia dla tabeli `opinions`
--
ALTER TABLE `opinions`
  ADD CONSTRAINT `opinions_ibfk_1` FOREIGN KEY (`articleId`) REFERENCES `article` (`articleId`),
  ADD CONSTRAINT `opinions_ibfk_2` FOREIGN KEY (`userId`) REFERENCES `users` (`UserId`);

--
-- Ograniczenia dla tabeli `usersinfo`
--
ALTER TABLE `usersinfo`
  ADD CONSTRAINT `usersinfo_ibfk_1` FOREIGN KEY (`UserId`) REFERENCES `users` (`UserId`);
COMMIT;

/*!40101 SET CHARACTER_SET_CLIENT=@OLD_CHARACTER_SET_CLIENT */;
/*!40101 SET CHARACTER_SET_RESULTS=@OLD_CHARACTER_SET_RESULTS */;
/*!40101 SET COLLATION_CONNECTION=@OLD_COLLATION_CONNECTION */;
